KODE_KL,NAMA_KL,KODE_KPKNL,NAMA_KPKNL,KODE_SATKER,NAMA_SATKER,KODE_SUB_SATKER,NAMA_SUB_SATKER,KELOMPOK,SUB_KELOMPOK,KODE_BARANG,NAMA_BARANG,NUP,NO_KIB,TANGGAL_PEROLEHAN,TGL_REKAM_PERTAMA,NILAI_PEROLEHAN_PERTAMA,NILAI_MUTASI,NILAI_PEROLEHAN,NILAI_PENYUSUTAN,NILAI_BUKU,KONDISI,MERK,KUANTITAS,JUMLAH_FOTO,JUMLAH_KIB,NO_DANA,TGL_DANA,DARI,ASL_PERLH,TGL_PERLH,NO_PSP,TGL_PSP,STATUS_PENGELOLAAN,THN_RAKIT,THN_BUAT,NEGARA,DAYA_ANGKUT,BOBOT,DAYA_MESIN,MESIN_PENGGERAK,JLH_MESIN,BHN_BAKAR,NO_MESIN,NO_RANGKA,NO_BPKB,NO_POLISI,TGL_BERLAKU_MULAI,TGL_BERLAKU_SD,NO_SIP,TGL_SIP,NIP_PEMAKAI,NAMA_PEMAKAI,NO_KTP_PEMAKAI,TEMPAT_LAHIR_PEMAKAI,TGL_LAHIR_PEMAKAI,GOL_PEMAKAI,JAB_PEMAKAI,JAB_FUNG_PEMAKAI,TMT_JAB_PEMAKAI,TGL_PENSIUN_PEMAKAI,STATUS_PENGGUNAAN,JENIS_PENGGUNA,KD_SATKER_PENGGUNA,UR_SATKER_PENGGUNA,ALAMAT_SATKER_PENGGUNA,TGL_TARIK
A,KEMENTERIAN A,8103,X,AA,X,X,X,X,X,3020101003,Sepeda Motor,1,1,2014-2-9 00:00:00.000,00:00.0,79986331,0,79986331,15997266,63989065,Rusak Berat,OYB,1,3,X,X,X,135 (Perolehan Migrasi SIMAK),AIUEO,00:00.0,KEP-XXX,X,X,X,X,X,X,X,X,X,X,X,X,X,X,X,X,X,X,X,X,X,X,X,X,X,X,X,X,X,X,X,X,X,X,X
A,KEMENTERIAN A,13102,X,AA,X,X,X,X,X,3020101003,Sepeda Motor,2,2,2014-7-18 00:00:00.000,00:00.0,72802582,0,72802582,14560516,58242066,Baik,TZD,1,1,X,X,X,135 (Perolehan Migrasi SIMAK),AIUEO,00:00.0,KEP-XXX,X,X,X,X,X,X,X,X,X,X,X,X,X,X,X,X,X,X,X,X,X,X,X,X,X,X,X,X,X,X,X,X,X,X,X
A,KEMENTERIAN A,1101,X,AA,X,X,X,X,X,3020101003,Sepeda Motor,3,3,2016-10-23 00:00:00.000,00:00.0,102246355,0,102246355, -   ,102246355,Rusak Berat,ZZX,1,1,X,X,X,135 (Perolehan Migrasi SIMAK),AIUEO,00:00.0,KEP-XXX,X,X,X,X,X,X,X,X,X,X,X,X,X,X,X,X,X,X,X,X,X,X,X,X,X,X,X,X,X,X,X,X,X,X,X
A,KEMENTERIAN A,9102,X,AA,X,X,X,X,X,3020101003,Sepeda Motor,4,4,2014-2-2 00:00:00.000,00:00.0,146737233,0,146737233,29347447,117389786,Baik,MMV,1,1,X,X,X,102 (Transfer Masuk),AIUEO,00:00.0,KEP-XXX,X,X,X,X,X,X,X,X,X,X,X,X,X,X,X,X,X,X,X,X,X,X,X,X,X,X,X,X,X,X,X,X,X,X,X
A,KEMENTERIAN A,7102,X,AA,X,X,X,X,X,3020101003,Sepeda Motor,5,5,2013-2-27 00:00:00.000,00:00.0,146735673,0,146735673,44020702,102714971,Baik,ULK,1,4,X,X,X,135 (Perolehan Migrasi SIMAK),AIUEO,00:00.0,KEP-XXX,X,X,X,X,X,X,X,X,X,X,X,X,X,X,X,X,X,X,X,X,X,X,X,X,X,X,X,X,X,X,X,X,X,X,X
A,KEMENTERIAN A,17106,X,AA,X,X,X,X,X,3020101003,Mobil Z,6,6,2015-11-9 00:00:00.000,00:00.0,95166123,0,95166123,9516612,85649511,Baik,OJO,1,0,X,X,X,100 (Saldo Awal),AIUEO,00:00.0,KEP-XXX,X,X,X,X,X,X,X,X,X,X,X,X,X,X,X,X,X,X,X,X,X,X,X,X,X,X,X,X,X,X,X,X,X,X,X
A,KEMENTERIAN A,7102,X,AA,X,X,X,X,X,3020102003,Sepeda Motor,1,1,2014-8-7 00:00:00.000,00:00.0,31707401,0,31707401,6341480,25365921,Baik,WQK,1,3,X,X,X,135 (Perolehan Migrasi SIMAK),AIUEO,00:00.0,KEP-XXX,X,X,X,X,X,X,X,X,X,X,X,X,X,X,X,X,X,X,X,X,X,X,X,X,X,X,X,X,X,X,X,X,X,X,X
A,KEMENTERIAN A,10101,X,AA,X,X,X,X,X,3020102003,Sepeda Motor,2,2,2015-7-11 00:00:00.000,00:00.0,113696873,0,113696873,11369687,102327186,Baik,TWS,1,7,X,X,X,100 (Saldo Awal),AIUEO,00:00.0,KEP-XXX,X,X,X,X,X,X,X,X,X,X,X,X,X,X,X,X,X,X,X,X,X,X,X,X,X,X,X,X,X,X,X,X,X,X,X
A,KEMENTERIAN A,6103,X,AA,X,X,X,X,X,3020102003,Sepeda Motor,3,3,2013-3-2 00:00:00.000,00:00.0,76905873,0,76905873,23071762,53834111,Baik,OZN,1,2,X,X,X,102 (Transfer Masuk),AIUEO,00:00.0,KEP-XXX,X,X,X,X,X,X,X,X,X,X,X,X,X,X,X,X,X,X,X,X,X,X,X,X,X,X,X,X,X,X,X,X,X,X,X
A,KEMENTERIAN A,4101,X,AA,X,X,X,X,X,3020102003,Sepeda Motor,4,4,2013-1-19 00:00:00.000,00:00.0,132586644,0,132586644,39775993,92810651,Baik,VPB,1,1,X,X,X,102 (Transfer Masuk),AIUEO,00:00.0,KEP-XXX,X,X,X,X,X,X,X,X,X,X,X,X,X,X,X,X,X,X,X,X,X,X,X,X,X,X,X,X,X,X,X,X,X,X,X
A,KEMENTERIAN A,5262,X,AA,X,X,X,X,X,3020102003,Mini Bus ( Penumpang 14 Orang Kebawah ),5,5,2013-4-11 00:00:00.000,00:00.0,41657756,0,41657756,12497327,29160429,Baik,UHU,1,2,X,X,X,102 (Transfer Masuk),AIUEO,00:00.0,KEP-XXX,X,X,X,X,X,X,X,X,X,X,X,X,X,X,X,X,X,X,X,X,X,X,X,X,X,X,X,X,X,X,X,X,X,X,X
A,KEMENTERIAN A,8211,X,AA,X,X,X,X,X,3020102003,Mini Bus ( Penumpang 14 Orang Kebawah ),6,6,2014-11-13 00:00:00.000,00:00.0,128789388,0,128789388,25757878,103031510,Baik,CLN,1,2,X,X,X,135 (Perolehan Migrasi SIMAK),AIUEO,00:00.0,KEP-XXX,X,X,X,X,X,X,X,X,X,X,X,X,X,X,X,X,X,X,X,X,X,X,X,X,X,X,X,X,X,X,X,X,X,X,X
A,KEMENTERIAN A,4322,X,AA,X,X,X,X,X,3020103003,Sepeda Motor,1,1,2013-6-26 00:00:00.000,00:00.0,89064579,0,89064579,26719374,62345205,Baik,OIQ,1,1,X,X,X,135 (Perolehan Migrasi SIMAK),AIUEO,00:00.0,KEP-XXX,X,X,X,X,X,X,X,X,X,X,X,X,X,X,X,X,X,X,X,X,X,X,X,X,X,X,X,X,X,X,X,X,X,X,X
A,KEMENTERIAN A,7224,X,AA,X,X,X,X,X,3020103003,Sepeda Motor,2,2,2015-10-26 00:00:00.000,00:00.0,79730539,0,79730539,7973054,71757485,Baik,VLE,1,1,X,X,X,102 (Transfer Masuk),AIUEO,00:00.0,KEP-XXX,X,X,X,X,X,X,X,X,X,X,X,X,X,X,X,X,X,X,X,X,X,X,X,X,X,X,X,X,X,X,X,X,X,X,X
A,KEMENTERIAN A,6291,X,AA,X,X,X,X,X,3020103003,Sepeda Motor,3,3,2014-2-1 00:00:00.000,00:00.0,147502886,0,147502886,29500577,118002309,Baik,GFP,1,5,X,X,X,100 (Saldo Awal),AIUEO,00:00.0,KEP-XXX,X,X,X,X,X,X,X,X,X,X,X,X,X,X,X,X,X,X,X,X,X,X,X,X,X,X,X,X,X,X,X,X,X,X,X
A,KEMENTERIAN A,9318,X,AA,X,X,X,X,X,3020103003,Mini Bus ( Penumpang 14 Orang Kebawah ),4,4,2015-1-4 00:00:00.000,00:00.0,89694381,0,89694381,8969438,80724943,Baik,EUC,1,2,X,X,X,102 (Transfer Masuk),AIUEO,00:00.0,KEP-XXX,X,X,X,X,X,X,X,X,X,X,X,X,X,X,X,X,X,X,X,X,X,X,X,X,X,X,X,X,X,X,X,X,X,X,X
A,KEMENTERIAN A,9855,X,AA,X,X,X,X,X,3020103003,Sepeda Motor,5,5,2014-1-17 00:00:00.000,00:00.0,195041310,0,195041310,39008262,156033048,Baik,LGH,1,3,X,X,X,135 (Perolehan Migrasi SIMAK),AIUEO,00:00.0,KEP-XXX,X,X,X,X,X,X,X,X,X,X,X,X,X,X,X,X,X,X,X,X,X,X,X,X,X,X,X,X,X,X,X,X,X,X,X
A,KEMENTERIAN A,4180,X,AA,X,X,X,X,X,3020103003,Sepeda Motor,6,6,2013-12-26 00:00:00.000,00:00.0,26981556,0,26981556,8094467,18887089,Baik,WMW,1,0,X,X,X,135 (Perolehan Migrasi SIMAK),AIUEO,00:00.0,KEP-XXX,X,X,X,X,X,X,X,X,X,X,X,X,X,X,X,X,X,X,X,X,X,X,X,X,X,X,X,X,X,X,X,X,X,X,X
A,KEMENTERIAN A,5897,X,AA,X,X,X,X,X,3020104003,Mobil Y,1,1,2014-4-13 00:00:00.000,00:00.0,129730196,0,129730196,25946039,103784157,Baik,ZIL,1,2,X,X,X,135 (Perolehan Migrasi SIMAK),AIUEO,00:00.0,KEP-XXX,X,X,X,X,X,X,X,X,X,X,X,X,X,X,X,X,X,X,X,X,X,X,X,X,X,X,X,X,X,X,X,X,X,X,X
A,KEMENTERIAN A,9034,X,AA,X,X,X,X,X,3020104003,Mobil Y,2,2,2016-6-4 00:00:00.000,00:00.0,187565590,0,187565590, -   ,187565590,Baik,NYU,1,1,X,X,X,135 (Perolehan Migrasi SIMAK),AIUEO,00:00.0,KEP-XXX,X,X,X,X,X,X,X,X,X,X,X,X,X,X,X,X,X,X,X,X,X,X,X,X,X,X,X,X,X,X,X,X,X,X,X
A,KEMENTERIAN A,4279,X,AA,X,X,X,X,X,3020104003,Sepeda Motor,3,3,2014-11-15 00:00:00.000,00:00.0,8143367,0,8143367,1628673,6514694,Baik,HFR,1,3,X,X,X,102 (Transfer Masuk),AIUEO,00:00.0,KEP-XXX,X,X,X,X,X,X,X,X,X,X,X,X,X,X,X,X,X,X,X,X,X,X,X,X,X,X,X,X,X,X,X,X,X,X,X
A,KEMENTERIAN A,9204,X,AA,X,X,X,X,X,3020104003,Mini Bus ( Penumpang 14 Orang Kebawah ),4,4,2016-6-21 00:00:00.000,00:00.0,187134446,0,187134446, -   ,187134446,Baik,LXH,1,4,X,X,X,100 (Saldo Awal),AIUEO,00:00.0,KEP-XXX,X,X,X,X,X,X,X,X,X,X,X,X,X,X,X,X,X,X,X,X,X,X,X,X,X,X,X,X,X,X,X,X,X,X,X
A,KEMENTERIAN A,5851,X,AA,X,X,X,X,X,3020104003,Sepeda Motor,5,5,2015-10-23 00:00:00.000,00:00.0,113084143,0,113084143,11308414,101775729,Baik,TZV,1,2,X,X,X,102 (Transfer Masuk),AIUEO,00:00.0,KEP-XXX,X,X,X,X,X,X,X,X,X,X,X,X,X,X,X,X,X,X,X,X,X,X,X,X,X,X,X,X,X,X,X,X,X,X,X
A,KEMENTERIAN A,7971,X,AA,X,X,X,X,X,3020104003,Sepeda Motor,6,6,2013-4-17 00:00:00.000,00:00.0,96903038,0,96903038,29070911,67832127,Baik,IVW,1,0,X,X,X,135 (Perolehan Migrasi SIMAK),AIUEO,00:00.0,KEP-XXX,X,X,X,X,X,X,X,X,X,X,X,X,X,X,X,X,X,X,X,X,X,X,X,X,X,X,X,X,X,X,X,X,X,X,X
A,KEMENTERIAN A,8754,X,AA,X,X,X,X,X,3020105003,Sepeda Motor,1,1,2016-5-1 00:00:00.000,00:00.0,58471813,0,58471813, -   ,58471813,Baik,OMU,1,3,X,X,X,135 (Perolehan Migrasi SIMAK),AIUEO,00:00.0,KEP-XXX,X,X,X,X,X,X,X,X,X,X,X,X,X,X,X,X,X,X,X,X,X,X,X,X,X,X,X,X,X,X,X,X,X,X,X
A,KEMENTERIAN A,9855,X,AA,X,X,X,X,X,3020105003,Sepeda Motor,2,2,2016-3-9 00:00:00.000,00:00.0,99392494,0,99392494, -   ,99392494,Baik,TGR,1,0,X,X,X,102 (Transfer Masuk),AIUEO,00:00.0,KEP-XXX,X,X,X,X,X,X,X,X,X,X,X,X,X,X,X,X,X,X,X,X,X,X,X,X,X,X,X,X,X,X,X,X,X,X,X
A,KEMENTERIAN A,4350,X,AA,X,X,X,X,X,3020105003,Sepeda Motor,3,3,2015-8-24 00:00:00.000,00:00.0,15366326,0,15366326,1536633,13829693,Baik,ZGY,1,4,X,X,X,102 (Transfer Masuk),AIUEO,00:00.0,KEP-XXX,X,X,X,X,X,X,X,X,X,X,X,X,X,X,X,X,X,X,X,X,X,X,X,X,X,X,X,X,X,X,X,X,X,X,X
A,KEMENTERIAN A,5634,X,AA,X,X,X,X,X,3020105003,Sepeda Motor,4,4,2016-10-16 00:00:00.000,00:00.0,17584563,0,17584563, -   ,17584563,Baik,PSI,1,1,X,X,X,102 (Transfer Masuk),AIUEO,00:00.0,KEP-XXX,X,X,X,X,X,X,X,X,X,X,X,X,X,X,X,X,X,X,X,X,X,X,X,X,X,X,X,X,X,X,X,X,X,X,X
A,KEMENTERIAN A,9751,X,AA,X,X,X,X,X,3020105003,Mobil Y,5,5,2013-11-9 00:00:00.000,00:00.0,72866659,0,72866659,21859998,51006661,Baik,NEU,1,4,X,X,X,102 (Transfer Masuk),AIUEO,00:00.0,KEP-XXX,X,X,X,X,X,X,X,X,X,X,X,X,X,X,X,X,X,X,X,X,X,X,X,X,X,X,X,X,X,X,X,X,X,X,X
A,KEMENTERIAN A,5224,X,AA,X,X,X,X,X,3020105003,Sepeda Motor,6,6,2014-11-24 00:00:00.000,00:00.0,106263548,0,106263548,21252710,85010838,Baik,BVD,1,2,X,X,X,135 (Perolehan Migrasi SIMAK),AIUEO,00:00.0,KEP-XXX,X,X,X,X,X,X,X,X,X,X,X,X,X,X,X,X,X,X,X,X,X,X,X,X,X,X,X,X,X,X,X,X,X,X,X
A,KEMENTERIAN A,9344,X,BB,X,X,X,X,X,3020101003,Sepeda Motor,1,1,2014-8-2 00:00:00.000,00:00.0,112764890,0,112764890,22552978,90211912,Baik,TKW,1,1,X,X,X,100 (Saldo Awal),AIUEO,00:00.0,KEP-XXX,X,X,X,X,X,X,X,X,X,X,X,X,X,X,X,X,X,X,X,X,X,X,X,X,X,X,X,X,X,X,X,X,X,X,X
A,KEMENTERIAN A,5116,X,BB,X,X,X,X,X,3020101003,Sepeda Motor,2,2,2016-6-20 00:00:00.000,00:00.0,102069212,0,102069212, -   ,102069212,Baik,VBB,1,5,X,X,X,100 (Saldo Awal),AIUEO,00:00.0,KEP-XXX,X,X,X,X,X,X,X,X,X,X,X,X,X,X,X,X,X,X,X,X,X,X,X,X,X,X,X,X,X,X,X,X,X,X,X
A,KEMENTERIAN A,6269,X,BB,X,X,X,X,X,3020101003,Sepeda Motor,3,3,2015-6-17 00:00:00.000,00:00.0,53821194,0,53821194,5382119,48439075,Baik,ERD,1,5,X,X,X,135 (Perolehan Migrasi SIMAK),AIUEO,00:00.0,KEP-XXX,X,X,X,X,X,X,X,X,X,X,X,X,X,X,X,X,X,X,X,X,X,X,X,X,X,X,X,X,X,X,X,X,X,X,X
A,KEMENTERIAN A,4493,X,BB,X,X,X,X,X,3020101003,Sepeda Motor,4,4,2013-7-11 00:00:00.000,00:00.0,194859618,0,194859618,58457885,136401733,Baik,RFM,1,3,X,X,X,100 (Saldo Awal),AIUEO,00:00.0,KEP-XXX,X,X,X,X,X,X,X,X,X,X,X,X,X,X,X,X,X,X,X,X,X,X,X,X,X,X,X,X,X,X,X,X,X,X,X
A,KEMENTERIAN A,6396,X,BB,X,X,X,X,X,3020101003,Mobil Z,5,5,2016-8-26 00:00:00.000,00:00.0,103640358,0,103640358, -   ,103640358,Baik,DLW,1,2,X,X,X,102 (Transfer Masuk),AIUEO,00:00.0,KEP-XXX,X,X,X,X,X,X,X,X,X,X,X,X,X,X,X,X,X,X,X,X,X,X,X,X,X,X,X,X,X,X,X,X,X,X,X
A,KEMENTERIAN A,7217,X,BB,X,X,X,X,X,3020101003,Sepeda Motor,6,6,2014-1-5 00:00:00.000,00:00.0,88783193,0,88783193,17756639,71026554,Baik,VYZ,1,3,X,X,X,100 (Saldo Awal),AIUEO,00:00.0,KEP-XXX,X,X,X,X,X,X,X,X,X,X,X,X,X,X,X,X,X,X,X,X,X,X,X,X,X,X,X,X,X,X,X,X,X,X,X
A,KEMENTERIAN A,7160,X,BB,X,X,X,X,X,3020102003,Sepeda Motor,1,1,2014-7-19 00:00:00.000,00:00.0,103203080,0,103203080,20640616,82562464,Baik,KJL,1,2,X,X,X,135 (Perolehan Migrasi SIMAK),AIUEO,00:00.0,KEP-XXX,X,X,X,X,X,X,X,X,X,X,X,X,X,X,X,X,X,X,X,X,X,X,X,X,X,X,X,X,X,X,X,X,X,X,X
A,KEMENTERIAN A,5846,X,BB,X,X,X,X,X,3020102003,Sepeda Motor,2,2,2015-9-9 00:00:00.000,00:00.0,169918248,0,169918248,16991825,152926423,Baik,IXQ,1,2,X,X,X,102 (Transfer Masuk),AIUEO,00:00.0,KEP-XXX,X,X,X,X,X,X,X,X,X,X,X,X,X,X,X,X,X,X,X,X,X,X,X,X,X,X,X,X,X,X,X,X,X,X,X
A,KEMENTERIAN A,9312,X,BB,X,X,X,X,X,3020102003,Sepeda Motor,3,3,2015-11-19 00:00:00.000,00:00.0,22756347,0,22756347,2275635,20480712,Baik,QUX,1,2,X,X,X,135 (Perolehan Migrasi SIMAK),AIUEO,00:00.0,KEP-XXX,X,X,X,X,X,X,X,X,X,X,X,X,X,X,X,X,X,X,X,X,X,X,X,X,X,X,X,X,X,X,X,X,X,X,X
A,KEMENTERIAN A,5505,X,BB,X,X,X,X,X,3020102003,Sepeda Motor,4,4,2015-1-20 00:00:00.000,00:00.0,112482084,0,112482084,11248208,101233876,Baik,CQN,1,3,X,X,X,135 (Perolehan Migrasi SIMAK),AIUEO,00:00.0,KEP-XXX,X,X,X,X,X,X,X,X,X,X,X,X,X,X,X,X,X,X,X,X,X,X,X,X,X,X,X,X,X,X,X,X,X,X,X
A,KEMENTERIAN A,6655,X,BB,X,X,X,X,X,3020102003,Sepeda Motor,5,5,2014-4-23 00:00:00.000,00:00.0,84629988,0,84629988,16925998,67703990,Baik,VZX,1,5,X,X,X,135 (Perolehan Migrasi SIMAK),AIUEO,00:00.0,KEP-XXX,X,X,X,X,X,X,X,X,X,X,X,X,X,X,X,X,X,X,X,X,X,X,X,X,X,X,X,X,X,X,X,X,X,X,X
A,KEMENTERIAN A,6570,X,BB,X,X,X,X,X,3020102003,Sepeda Motor,6,6,2015-7-3 00:00:00.000,00:00.0,31255823,0,31255823,3125582,28130241,Baik,SVW,1,4,X,X,X,102 (Transfer Masuk),AIUEO,00:00.0,KEP-XXX,X,X,X,X,X,X,X,X,X,X,X,X,X,X,X,X,X,X,X,X,X,X,X,X,X,X,X,X,X,X,X,X,X,X,X
A,KEMENTERIAN A,4723,X,BB,X,X,X,X,X,3020103003,Sepeda Motor,1,1,2016-7-9 00:00:00.000,00:00.0,84414840,0,84414840, -   ,84414840,Baik,DWU,1,4,X,X,X,100 (Saldo Awal),AIUEO,00:00.0,KEP-XXX,X,X,X,X,X,X,X,X,X,X,X,X,X,X,X,X,X,X,X,X,X,X,X,X,X,X,X,X,X,X,X,X,X,X,X
A,KEMENTERIAN A,5118,X,BB,X,X,X,X,X,3020103003,Mobil Y,2,2,2016-5-21 00:00:00.000,00:00.0,157406213,0,157406213, -   ,157406213,Baik,JVX,1,4,X,X,X,135 (Perolehan Migrasi SIMAK),AIUEO,00:00.0,KEP-XXX,X,X,X,X,X,X,X,X,X,X,X,X,X,X,X,X,X,X,X,X,X,X,X,X,X,X,X,X,X,X,X,X,X,X,X
A,KEMENTERIAN A,6527,X,BB,X,X,X,X,X,3020103003,Mini Bus ( Penumpang 14 Orang Kebawah ),3,3,2015-12-19 00:00:00.000,00:00.0,144005024,0,144005024,14400502,129604522,Baik,UGL,1,4,X,X,X,102 (Transfer Masuk),AIUEO,00:00.0,KEP-XXX,X,X,X,X,X,X,X,X,X,X,X,X,X,X,X,X,X,X,X,X,X,X,X,X,X,X,X,X,X,X,X,X,X,X,X
A,KEMENTERIAN A,6379,X,BB,X,X,X,X,X,3020103003,Sepeda Motor,4,4,2014-9-8 00:00:00.000,00:00.0,154700301,0,154700301,30940060,123760241,Baik,HES,1,1,X,X,X,135 (Perolehan Migrasi SIMAK),AIUEO,00:00.0,KEP-XXX,X,X,X,X,X,X,X,X,X,X,X,X,X,X,X,X,X,X,X,X,X,X,X,X,X,X,X,X,X,X,X,X,X,X,X
A,KEMENTERIAN A,5800,X,BB,X,X,X,X,X,3020103003,Mini Bus ( Penumpang 14 Orang Kebawah ),5,5,2013-2-22 00:00:00.000,00:00.0,29088440,0,29088440,8726532,20361908,Baik,GIN,1,5,X,X,X,135 (Perolehan Migrasi SIMAK),AIUEO,00:00.0,KEP-XXX,X,X,X,X,X,X,X,X,X,X,X,X,X,X,X,X,X,X,X,X,X,X,X,X,X,X,X,X,X,X,X,X,X,X,X
A,KEMENTERIAN A,5893,X,BB,X,X,X,X,X,3020103003,Sepeda Motor,6,6,2015-3-28 00:00:00.000,00:00.0,96454375,0,96454375,9645438,86808938,Baik,GCP,1,2,X,X,X,135 (Perolehan Migrasi SIMAK),AIUEO,00:00.0,KEP-XXX,X,X,X,X,X,X,X,X,X,X,X,X,X,X,X,X,X,X,X,X,X,X,X,X,X,X,X,X,X,X,X,X,X,X,X
A,KEMENTERIAN A,7795,X,BB,X,X,X,X,X,3020104003,Sepeda Motor,1,1,2014-2-7 00:00:00.000,00:00.0,165552058,0,165552058,33110412,132441646,Baik,DWC,1,3,X,X,X,135 (Perolehan Migrasi SIMAK),AIUEO,00:00.0,KEP-XXX,X,X,X,X,X,X,X,X,X,X,X,X,X,X,X,X,X,X,X,X,X,X,X,X,X,X,X,X,X,X,X,X,X,X,X
A,KEMENTERIAN A,6445,X,BB,X,X,X,X,X,3020104003,Sepeda Motor,2,2,2013-6-3 00:00:00.000,00:00.0,48719478,0,48719478,14615843,34103635,Rusak Berat,PUD,1,2,X,X,X,135 (Perolehan Migrasi SIMAK),AIUEO,00:00.0,KEP-XXX,X,X,X,X,X,X,X,X,X,X,X,X,X,X,X,X,X,X,X,X,X,X,X,X,X,X,X,X,X,X,X,X,X,X,X
A,KEMENTERIAN A,8572,X,BB,X,X,X,X,X,3020104003,Mini Bus ( Penumpang 14 Orang Kebawah ),3,3,2015-3-13 00:00:00.000,00:00.0,118174538,0,118174538,11817454,106357084,Baik,FWK,1,5,X,X,X,135 (Perolehan Migrasi SIMAK),AIUEO,00:00.0,KEP-XXX,X,X,X,X,X,X,X,X,X,X,X,X,X,X,X,X,X,X,X,X,X,X,X,X,X,X,X,X,X,X,X,X,X,X,X
A,KEMENTERIAN A,4835,X,BB,X,X,X,X,X,3020104003,Sepeda Motor,4,4,2015-6-27 00:00:00.000,00:00.0,13415866,0,13415866,1341587,12074279,Baik,DPB,1,3,X,X,X,100 (Saldo Awal),AIUEO,00:00.0,KEP-XXX,X,X,X,X,X,X,X,X,X,X,X,X,X,X,X,X,X,X,X,X,X,X,X,X,X,X,X,X,X,X,X,X,X,X,X
A,KEMENTERIAN A,5013,X,BB,X,X,X,X,X,3020104003,Sepeda Motor,5,5,2013-5-19 00:00:00.000,00:00.0,101991378,0,101991378,30597413,71393965,Baik,ORZ,1,3,X,X,X,102 (Transfer Masuk),AIUEO,00:00.0,KEP-XXX,X,X,X,X,X,X,X,X,X,X,X,X,X,X,X,X,X,X,X,X,X,X,X,X,X,X,X,X,X,X,X,X,X,X,X
A,KEMENTERIAN A,6772,X,BB,X,X,X,X,X,3020104003,Sepeda Motor,6,6,2015-5-24 00:00:00.000,00:00.0,80923152,0,80923152,8092315,72830837,Baik,HOU,1,5,X,X,X,135 (Perolehan Migrasi SIMAK),AIUEO,00:00.0,KEP-XXX,X,X,X,X,X,X,X,X,X,X,X,X,X,X,X,X,X,X,X,X,X,X,X,X,X,X,X,X,X,X,X,X,X,X,X
A,KEMENTERIAN A,9607,X,BB,X,X,X,X,X,3020105003,Sepeda Motor,1,1,2016-12-22 00:00:00.000,00:00.0,176978607,0,176978607, -   ,176978607,Baik,IBQ,1,3,X,X,X,100 (Saldo Awal),AIUEO,00:00.0,KEP-XXX,X,X,X,X,X,X,X,X,X,X,X,X,X,X,X,X,X,X,X,X,X,X,X,X,X,X,X,X,X,X,X,X,X,X,X
A,KEMENTERIAN A,6412,X,BB,X,X,X,X,X,3020105003,Sepeda Motor,2,2,2014-9-20 00:00:00.000,00:00.0,17258843,0,17258843,3451769,13807074,Baik,UZR,1,2,X,X,X,135 (Perolehan Migrasi SIMAK),AIUEO,00:00.0,KEP-XXX,X,X,X,X,X,X,X,X,X,X,X,X,X,X,X,X,X,X,X,X,X,X,X,X,X,X,X,X,X,X,X,X,X,X,X
A,KEMENTERIAN A,4273,X,BB,X,X,X,X,X,3020105003,Sepeda Motor,3,3,2015-8-21 00:00:00.000,00:00.0,106611947,0,106611947,10661195,95950752,Baik,BJD,1,5,X,X,X,135 (Perolehan Migrasi SIMAK),AIUEO,00:00.0,KEP-XXX,X,X,X,X,X,X,X,X,X,X,X,X,X,X,X,X,X,X,X,X,X,X,X,X,X,X,X,X,X,X,X,X,X,X,X
A,KEMENTERIAN A,6813,X,BB,X,X,X,X,X,3020105003,Sepeda Motor,4,4,2016-12-28 00:00:00.000,00:00.0,32852252,0,32852252, -   ,32852252,Baik,PDC,1,0,X,X,X,102 (Transfer Masuk),AIUEO,00:00.0,KEP-XXX,X,X,X,X,X,X,X,X,X,X,X,X,X,X,X,X,X,X,X,X,X,X,X,X,X,X,X,X,X,X,X,X,X,X,X
A,KEMENTERIAN A,6483,X,BB,X,X,X,X,X,3020105003,Sepeda Motor,5,5,2015-2-22 00:00:00.000,00:00.0,86992599,0,86992599,8699260,78293339,Baik,YVR,1,0,X,X,X,135 (Perolehan Migrasi SIMAK),AIUEO,00:00.0,KEP-XXX,X,X,X,X,X,X,X,X,X,X,X,X,X,X,X,X,X,X,X,X,X,X,X,X,X,X,X,X,X,X,X,X,X,X,X
A,KEMENTERIAN A,7914,X,BB,X,X,X,X,X,3020105003,Sepeda Motor,6,6,2015-6-16 00:00:00.000,00:00.0,126070246,0,126070246,12607025,113463221,Baik,QYN,1,5,X,X,X,102 (Transfer Masuk),AIUEO,00:00.0,KEP-XXX,X,X,X,X,X,X,X,X,X,X,X,X,X,X,X,X,X,X,X,X,X,X,X,X,X,X,X,X,X,X,X,X,X,X,X
A,KEMENTERIAN A,7111,X,CC,X,X,X,X,X,3020101003,Sepeda Motor,1,1,2016-7-26 00:00:00.000,00:00.0,85005015,0,85005015, -   ,85005015,Baik,WZG,1,4,X,X,X,102 (Transfer Masuk),AIUEO,00:00.0,KEP-XXX,X,X,X,X,X,X,X,X,X,X,X,X,X,X,X,X,X,X,X,X,X,X,X,X,X,X,X,X,X,X,X,X,X,X,X
A,KEMENTERIAN A,9180,X,CC,X,X,X,X,X,3020101003,Sepeda Motor,2,2,2015-4-6 00:00:00.000,00:00.0,22902171,0,22902171,2290217,20611954,Baik,HJM,1,1,X,X,X,102 (Transfer Masuk),AIUEO,00:00.0,KEP-XXX,X,X,X,X,X,X,X,X,X,X,X,X,X,X,X,X,X,X,X,X,X,X,X,X,X,X,X,X,X,X,X,X,X,X,X
A,KEMENTERIAN A,8756,X,CC,X,X,X,X,X,3020101003,Mobil Z,3,3,2016-10-16 00:00:00.000,00:00.0,19795209,0,19795209, -   ,19795209,Baik,CTH,1,0,X,X,X,102 (Transfer Masuk),AIUEO,00:00.0,KEP-XXX,X,X,X,X,X,X,X,X,X,X,X,X,X,X,X,X,X,X,X,X,X,X,X,X,X,X,X,X,X,X,X,X,X,X,X
A,KEMENTERIAN A,4658,X,CC,X,X,X,X,X,3020101003,Sepeda Motor,4,4,2014-3-21 00:00:00.000,00:00.0,26336294,0,26336294,5267259,21069035,Baik,NVC,1,5,X,X,X,135 (Perolehan Migrasi SIMAK),AIUEO,00:00.0,KEP-XXX,X,X,X,X,X,X,X,X,X,X,X,X,X,X,X,X,X,X,X,X,X,X,X,X,X,X,X,X,X,X,X,X,X,X,X
A,KEMENTERIAN A,9534,X,CC,X,X,X,X,X,3020101003,Sepeda Motor,5,5,2015-11-9 00:00:00.000,00:00.0,16614210,0,16614210,1661421,14952789,Baik,YJD,1,5,X,X,X,135 (Perolehan Migrasi SIMAK),AIUEO,00:00.0,KEP-XXX,X,X,X,X,X,X,X,X,X,X,X,X,X,X,X,X,X,X,X,X,X,X,X,X,X,X,X,X,X,X,X,X,X,X,X
A,KEMENTERIAN A,7316,X,CC,X,X,X,X,X,3020101003,Sepeda Motor,6,6,2016-12-24 00:00:00.000,00:00.0,145943935,0,145943935, -   ,145943935,Baik,SUC,1,0,X,X,X,102 (Transfer Masuk),AIUEO,00:00.0,KEP-XXX,X,X,X,X,X,X,X,X,X,X,X,X,X,X,X,X,X,X,X,X,X,X,X,X,X,X,X,X,X,X,X,X,X,X,X
A,KEMENTERIAN A,4702,X,CC,X,X,X,X,X,3020102003,Sepeda Motor,1,1,2013-4-3 00:00:00.000,00:00.0,167815470,0,167815470,50344641,117470829,Baik,MGC,1,5,X,X,X,100 (Saldo Awal),AIUEO,00:00.0,KEP-XXX,X,X,X,X,X,X,X,X,X,X,X,X,X,X,X,X,X,X,X,X,X,X,X,X,X,X,X,X,X,X,X,X,X,X,X
A,KEMENTERIAN A,9554,X,CC,X,X,X,X,X,3020102003,Sepeda Motor,2,2,2015-5-21 00:00:00.000,00:00.0,145657237,0,145657237,14565724,131091513,Baik,LEP,1,5,X,X,X,100 (Saldo Awal),AIUEO,00:00.0,KEP-XXX,X,X,X,X,X,X,X,X,X,X,X,X,X,X,X,X,X,X,X,X,X,X,X,X,X,X,X,X,X,X,X,X,X,X,X
A,KEMENTERIAN A,5062,X,CC,X,X,X,X,X,3020102003,Sepeda Motor,3,3,2013-6-16 00:00:00.000,00:00.0,88138280,0,88138280,26441484,61696796,Baik,YPJ,1,4,X,X,X,135 (Perolehan Migrasi SIMAK),AIUEO,00:00.0,KEP-XXX,X,X,X,X,X,X,X,X,X,X,X,X,X,X,X,X,X,X,X,X,X,X,X,X,X,X,X,X,X,X,X,X,X,X,X
A,KEMENTERIAN A,6365,X,CC,X,X,X,X,X,3020102003,Sepeda Motor,4,4,2013-8-1 00:00:00.000,00:00.0,195340227,0,195340227,58602068,136738159,Baik,MOU,1,2,X,X,X,135 (Perolehan Migrasi SIMAK),AIUEO,00:00.0,KEP-XXX,X,X,X,X,X,X,X,X,X,X,X,X,X,X,X,X,X,X,X,X,X,X,X,X,X,X,X,X,X,X,X,X,X,X,X
A,KEMENTERIAN A,6559,X,CC,X,X,X,X,X,3020102003,Sepeda Motor,5,5,2015-1-18 00:00:00.000,00:00.0,46844498,0,46844498,4684450,42160048,Rusak Berat,JVM,1,5,X,X,X,135 (Perolehan Migrasi SIMAK),AIUEO,00:00.0,KEP-XXX,X,X,X,X,X,X,X,X,X,X,X,X,X,X,X,X,X,X,X,X,X,X,X,X,X,X,X,X,X,X,X,X,X,X,X
A,KEMENTERIAN A,5836,X,CC,X,X,X,X,X,3020102003,Sepeda Motor,6,6,2015-2-27 00:00:00.000,00:00.0,123502407,0,123502407,12350241,111152166,Baik,QRV,1,1,X,X,X,100 (Saldo Awal),AIUEO,00:00.0,KEP-XXX,X,X,X,X,X,X,X,X,X,X,X,X,X,X,X,X,X,X,X,X,X,X,X,X,X,X,X,X,X,X,X,X,X,X,X
A,KEMENTERIAN A,5250,X,CC,X,X,X,X,X,3020103003,Sepeda Motor,1,1,2015-9-1 00:00:00.000,00:00.0,190608169,0,190608169,19060817,171547352,Baik,OHH,1,1,X,X,X,102 (Transfer Masuk),AIUEO,00:00.0,KEP-XXX,X,X,X,X,X,X,X,X,X,X,X,X,X,X,X,X,X,X,X,X,X,X,X,X,X,X,X,X,X,X,X,X,X,X,X
A,KEMENTERIAN A,6215,X,CC,X,X,X,X,X,3020103003,Sepeda Motor,2,2,2013-2-8 00:00:00.000,00:00.0,99309006,0,99309006,29792702,69516304,Baik,YCI,1,4,X,X,X,102 (Transfer Masuk),AIUEO,00:00.0,KEP-XXX,X,X,X,X,X,X,X,X,X,X,X,X,X,X,X,X,X,X,X,X,X,X,X,X,X,X,X,X,X,X,X,X,X,X,X
A,KEMENTERIAN A,8957,X,CC,X,X,X,X,X,3020103003,Sepeda Motor,3,3,2015-1-24 00:00:00.000,00:00.0,108591889,0,108591889,10859189,97732700,Baik,JME,1,1,X,X,X,135 (Perolehan Migrasi SIMAK),AIUEO,00:00.0,KEP-XXX,X,X,X,X,X,X,X,X,X,X,X,X,X,X,X,X,X,X,X,X,X,X,X,X,X,X,X,X,X,X,X,X,X,X,X
A,KEMENTERIAN A,9265,X,CC,X,X,X,X,X,3020103003,Sepeda Motor,4,4,2015-6-24 00:00:00.000,00:00.0,187052693,0,187052693,18705269,168347424,Baik,LZC,1,1,X,X,X,135 (Perolehan Migrasi SIMAK),AIUEO,00:00.0,KEP-XXX,X,X,X,X,X,X,X,X,X,X,X,X,X,X,X,X,X,X,X,X,X,X,X,X,X,X,X,X,X,X,X,X,X,X,X
A,KEMENTERIAN A,9329,X,CC,X,X,X,X,X,3020103003,Mobil Z,5,5,2013-1-21 00:00:00.000,00:00.0,10539383,0,10539383,3161815,7377568,Baik,VHQ,1,1,X,X,X,100 (Saldo Awal),AIUEO,00:00.0,KEP-XXX,X,X,X,X,X,X,X,X,X,X,X,X,X,X,X,X,X,X,X,X,X,X,X,X,X,X,X,X,X,X,X,X,X,X,X
A,KEMENTERIAN A,8730,X,CC,X,X,X,X,X,3020103003,Sepeda Motor,6,6,2014-7-16 00:00:00.000,00:00.0,74228400,0,74228400,14845680,59382720,Baik,OEC,1,0,X,X,X,100 (Saldo Awal),AIUEO,00:00.0,KEP-XXX,X,X,X,X,X,X,X,X,X,X,X,X,X,X,X,X,X,X,X,X,X,X,X,X,X,X,X,X,X,X,X,X,X,X,X
A,KEMENTERIAN A,9788,X,CC,X,X,X,X,X,3020104003,Sepeda Motor,1,1,2016-6-27 00:00:00.000,00:00.0,61109063,0,61109063, -   ,61109063,Baik,OWT,1,0,X,X,X,102 (Transfer Masuk),AIUEO,00:00.0,KEP-XXX,X,X,X,X,X,X,X,X,X,X,X,X,X,X,X,X,X,X,X,X,X,X,X,X,X,X,X,X,X,X,X,X,X,X,X
A,KEMENTERIAN A,7881,X,CC,X,X,X,X,X,3020104003,Sepeda Motor,2,2,2015-10-6 00:00:00.000,00:00.0,195291323,0,195291323,19529132,175762191,Baik,SFV,1,5,X,X,X,135 (Perolehan Migrasi SIMAK),AIUEO,00:00.0,KEP-XXX,X,X,X,X,X,X,X,X,X,X,X,X,X,X,X,X,X,X,X,X,X,X,X,X,X,X,X,X,X,X,X,X,X,X,X
A,KEMENTERIAN A,6090,X,CC,X,X,X,X,X,3020104003,Sepeda Motor,3,3,2013-10-9 00:00:00.000,00:00.0,97114227,0,97114227,29134268,67979959,Baik,JJJ,1,3,X,X,X,100 (Saldo Awal),AIUEO,00:00.0,KEP-XXX,X,X,X,X,X,X,X,X,X,X,X,X,X,X,X,X,X,X,X,X,X,X,X,X,X,X,X,X,X,X,X,X,X,X,X
A,KEMENTERIAN A,4600,X,CC,X,X,X,X,X,3020104003,Sepeda Motor,4,4,2016-3-16 00:00:00.000,00:00.0,37842409,0,37842409, -   ,37842409,Baik,FBO,1,1,X,X,X,135 (Perolehan Migrasi SIMAK),AIUEO,00:00.0,KEP-XXX,X,X,X,X,X,X,X,X,X,X,X,X,X,X,X,X,X,X,X,X,X,X,X,X,X,X,X,X,X,X,X,X,X,X,X
A,KEMENTERIAN A,5613,X,CC,X,X,X,X,X,3020104003,Sepeda Motor,5,5,2014-5-11 00:00:00.000,00:00.0,82714180,0,82714180,16542836,66171344,Baik,SVR,1,4,X,X,X,100 (Saldo Awal),AIUEO,00:00.0,KEP-XXX,X,X,X,X,X,X,X,X,X,X,X,X,X,X,X,X,X,X,X,X,X,X,X,X,X,X,X,X,X,X,X,X,X,X,X
A,KEMENTERIAN A,6672,X,CC,X,X,X,X,X,3020104003,Sepeda Motor,6,6,2015-5-20 00:00:00.000,00:00.0,32430673,0,32430673,3243067,29187606,Baik,WCZ,1,2,X,X,X,135 (Perolehan Migrasi SIMAK),AIUEO,00:00.0,KEP-XXX,X,X,X,X,X,X,X,X,X,X,X,X,X,X,X,X,X,X,X,X,X,X,X,X,X,X,X,X,X,X,X,X,X,X,X
A,KEMENTERIAN A,5006,X,CC,X,X,X,X,X,3020105003,Sepeda Motor,1,1,2016-5-11 00:00:00.000,00:00.0,111793287,0,111793287, -   ,111793287,Baik,PYK,1,0,X,X,X,135 (Perolehan Migrasi SIMAK),AIUEO,00:00.0,KEP-XXX,X,X,X,X,X,X,X,X,X,X,X,X,X,X,X,X,X,X,X,X,X,X,X,X,X,X,X,X,X,X,X,X,X,X,X
A,KEMENTERIAN A,6863,X,CC,X,X,X,X,X,3020105003,Sepeda Motor,2,2,2014-2-28 00:00:00.000,00:00.0,12932019,0,12932019,2586404,10345615,Baik,HPN,1,0,X,X,X,102 (Transfer Masuk),AIUEO,00:00.0,KEP-XXX,X,X,X,X,X,X,X,X,X,X,X,X,X,X,X,X,X,X,X,X,X,X,X,X,X,X,X,X,X,X,X,X,X,X,X
A,KEMENTERIAN A,4893,X,CC,X,X,X,X,X,3020105003,Sepeda Motor,3,3,2014-9-26 00:00:00.000,00:00.0,132175705,0,132175705,26435141,105740564,Baik,OYZ,1,5,X,X,X,135 (Perolehan Migrasi SIMAK),AIUEO,00:00.0,KEP-XXX,X,X,X,X,X,X,X,X,X,X,X,X,X,X,X,X,X,X,X,X,X,X,X,X,X,X,X,X,X,X,X,X,X,X,X
A,KEMENTERIAN A,7165,X,CC,X,X,X,X,X,3020105003,Mini Bus ( Penumpang 14 Orang Kebawah ),4,4,2013-12-20 00:00:00.000,00:00.0,125586110,0,125586110,37675833,87910277,Baik,JSL,1,3,X,X,X,135 (Perolehan Migrasi SIMAK),AIUEO,00:00.0,KEP-XXX,X,X,X,X,X,X,X,X,X,X,X,X,X,X,X,X,X,X,X,X,X,X,X,X,X,X,X,X,X,X,X,X,X,X,X
A,KEMENTERIAN A,7092,X,CC,X,X,X,X,X,3020105003,Sepeda Motor,5,5,2013-4-4 00:00:00.000,00:00.0,142776653,0,142776653,42832996,99943657,Baik,QWE,1,1,X,X,X,135 (Perolehan Migrasi SIMAK),AIUEO,00:00.0,KEP-XXX,X,X,X,X,X,X,X,X,X,X,X,X,X,X,X,X,X,X,X,X,X,X,X,X,X,X,X,X,X,X,X,X,X,X,X
A,KEMENTERIAN A,5701,X,CC,X,X,X,X,X,3020105003,Sepeda Motor,6,6,2015-10-9 00:00:00.000,00:00.0,103788174,0,103788174,10378817,93409357,Baik,GZY,1,4,X,X,X,135 (Perolehan Migrasi SIMAK),AIUEO,00:00.0,KEP-XXX,X,X,X,X,X,X,X,X,X,X,X,X,X,X,X,X,X,X,X,X,X,X,X,X,X,X,X,X,X,X,X,X,X,X,X
A,KEMENTERIAN A,8663,X,DD,X,X,X,X,X,3020101003,Sepeda Motor,1,1,2016-6-11 00:00:00.000,00:00.0,182518523,0,182518523, -   ,182518523,Baik,TBR,1,5,X,X,X,135 (Perolehan Migrasi SIMAK),AIUEO,00:00.0,KEP-XXX,X,X,X,X,X,X,X,X,X,X,X,X,X,X,X,X,X,X,X,X,X,X,X,X,X,X,X,X,X,X,X,X,X,X,X
A,KEMENTERIAN A,8657,X,DD,X,X,X,X,X,3020101003,Sepeda Motor,2,2,2015-11-14 00:00:00.000,00:00.0,37303858,0,37303858,3730386,33573472,Baik,LRZ,1,4,X,X,X,135 (Perolehan Migrasi SIMAK),AIUEO,00:00.0,KEP-XXX,X,X,X,X,X,X,X,X,X,X,X,X,X,X,X,X,X,X,X,X,X,X,X,X,X,X,X,X,X,X,X,X,X,X,X
A,KEMENTERIAN A,6447,X,DD,X,X,X,X,X,3020101003,Mini Bus ( Penumpang 14 Orang Kebawah ),3,3,2015-8-25 00:00:00.000,00:00.0,149606517,0,149606517,14960652,134645865,Baik,VPE,1,1,X,X,X,135 (Perolehan Migrasi SIMAK),AIUEO,00:00.0,KEP-XXX,X,X,X,X,X,X,X,X,X,X,X,X,X,X,X,X,X,X,X,X,X,X,X,X,X,X,X,X,X,X,X,X,X,X,X
A,KEMENTERIAN A,6895,X,DD,X,X,X,X,X,3020101003,Sepeda Motor,4,4,2013-10-4 00:00:00.000,00:00.0,136809019,0,136809019,41042706,95766313,Baik,VSX,1,0,X,X,X,102 (Transfer Masuk),AIUEO,00:00.0,KEP-XXX,X,X,X,X,X,X,X,X,X,X,X,X,X,X,X,X,X,X,X,X,X,X,X,X,X,X,X,X,X,X,X,X,X,X,X
A,KEMENTERIAN A,8031,X,DD,X,X,X,X,X,3020101003,Sepeda Motor,5,5,2016-4-9 00:00:00.000,00:00.0,150263206,0,150263206, -   ,150263206,Baik,DLV,1,0,X,X,X,135 (Perolehan Migrasi SIMAK),AIUEO,00:00.0,KEP-XXX,X,X,X,X,X,X,X,X,X,X,X,X,X,X,X,X,X,X,X,X,X,X,X,X,X,X,X,X,X,X,X,X,X,X,X
A,KEMENTERIAN A,9541,X,DD,X,X,X,X,X,3020101003,Sepeda Motor,6,6,2015-9-17 00:00:00.000,00:00.0,124371398,0,124371398,12437140,111934258,Baik,NLK,1,2,X,X,X,102 (Transfer Masuk),AIUEO,00:00.0,KEP-XXX,X,X,X,X,X,X,X,X,X,X,X,X,X,X,X,X,X,X,X,X,X,X,X,X,X,X,X,X,X,X,X,X,X,X,X
A,KEMENTERIAN A,8880,X,DD,X,X,X,X,X,3020102003,Sepeda Motor,1,1,2014-7-18 00:00:00.000,00:00.0,38497310,0,38497310,7699462,30797848,Baik,JGY,1,0,X,X,X,135 (Perolehan Migrasi SIMAK),AIUEO,00:00.0,KEP-XXX,X,X,X,X,X,X,X,X,X,X,X,X,X,X,X,X,X,X,X,X,X,X,X,X,X,X,X,X,X,X,X,X,X,X,X
A,KEMENTERIAN A,4441,X,DD,X,X,X,X,X,3020102003,Sepeda Motor,2,2,2014-8-7 00:00:00.000,00:00.0,46037390,0,46037390,9207478,36829912,Baik,MTW,1,4,X,X,X,135 (Perolehan Migrasi SIMAK),AIUEO,00:00.0,KEP-XXX,X,X,X,X,X,X,X,X,X,X,X,X,X,X,X,X,X,X,X,X,X,X,X,X,X,X,X,X,X,X,X,X,X,X,X
A,KEMENTERIAN A,7861,X,DD,X,X,X,X,X,3020102003,Mobil X,3,3,2014-2-26 00:00:00.000,00:00.0,67563835,0,67563835,13512767,54051068,Baik,MJM,1,3,X,X,X,135 (Perolehan Migrasi SIMAK),AIUEO,00:00.0,KEP-XXX,X,X,X,X,X,X,X,X,X,X,X,X,X,X,X,X,X,X,X,X,X,X,X,X,X,X,X,X,X,X,X,X,X,X,X
A,KEMENTERIAN A,7447,X,DD,X,X,X,X,X,3020102003,Mobil Z,4,4,2016-8-15 00:00:00.000,00:00.0,149636480,0,149636480, -   ,149636480,Baik,OKR,1,0,X,X,X,135 (Perolehan Migrasi SIMAK),AIUEO,00:00.0,KEP-XXX,X,X,X,X,X,X,X,X,X,X,X,X,X,X,X,X,X,X,X,X,X,X,X,X,X,X,X,X,X,X,X,X,X,X,X
A,KEMENTERIAN A,9911,X,DD,X,X,X,X,X,3020102003,Sepeda Motor,5,5,2016-5-15 00:00:00.000,00:00.0,185343741,0,185343741, -   ,185343741,Baik,YXT,1,5,X,X,X,100 (Saldo Awal),AIUEO,00:00.0,KEP-XXX,X,X,X,X,X,X,X,X,X,X,X,X,X,X,X,X,X,X,X,X,X,X,X,X,X,X,X,X,X,X,X,X,X,X,X
A,KEMENTERIAN A,7845,X,DD,X,X,X,X,X,3020102003,Sepeda Motor,6,6,2015-2-3 00:00:00.000,00:00.0,51327797,0,51327797,5132780,46195017,Baik,PYR,1,5,X,X,X,135 (Perolehan Migrasi SIMAK),AIUEO,00:00.0,KEP-XXX,X,X,X,X,X,X,X,X,X,X,X,X,X,X,X,X,X,X,X,X,X,X,X,X,X,X,X,X,X,X,X,X,X,X,X
A,KEMENTERIAN A,7224,X,DD,X,X,X,X,X,3020103003,Sepeda Motor,1,1,2014-1-9 00:00:00.000,00:00.0,71104120,0,71104120,14220824,56883296,Baik,FZP,1,5,X,X,X,135 (Perolehan Migrasi SIMAK),AIUEO,00:00.0,KEP-XXX,X,X,X,X,X,X,X,X,X,X,X,X,X,X,X,X,X,X,X,X,X,X,X,X,X,X,X,X,X,X,X,X,X,X,X
A,KEMENTERIAN A,4983,X,DD,X,X,X,X,X,3020103003,Sepeda Motor,2,2,2014-11-1 00:00:00.000,00:00.0,137443725,0,137443725,27488745,109954980,Baik,VLW,1,2,X,X,X,102 (Transfer Masuk),AIUEO,00:00.0,KEP-XXX,X,X,X,X,X,X,X,X,X,X,X,X,X,X,X,X,X,X,X,X,X,X,X,X,X,X,X,X,X,X,X,X,X,X,X
A,KEMENTERIAN A,8710,X,DD,X,X,X,X,X,3020103003,Sepeda Motor,3,3,2016-8-22 00:00:00.000,00:00.0,199950532,0,199950532, -   ,199950532,Baik,OLO,1,1,X,X,X,102 (Transfer Masuk),AIUEO,00:00.0,KEP-XXX,X,X,X,X,X,X,X,X,X,X,X,X,X,X,X,X,X,X,X,X,X,X,X,X,X,X,X,X,X,X,X,X,X,X,X
A,KEMENTERIAN A,6936,X,DD,X,X,X,X,X,3020103003,Mobil X,4,4,2014-4-1 00:00:00.000,00:00.0,23592908,0,23592908,4718582,18874326,Baik,NGG,1,5,X,X,X,100 (Saldo Awal),AIUEO,00:00.0,KEP-XXX,X,X,X,X,X,X,X,X,X,X,X,X,X,X,X,X,X,X,X,X,X,X,X,X,X,X,X,X,X,X,X,X,X,X,X
A,KEMENTERIAN A,9879,X,DD,X,X,X,X,X,3020103003,Sepeda Motor,5,5,2015-12-19 00:00:00.000,00:00.0,159585316,0,159585316,15958532,143626784,Baik,WIT,1,4,X,X,X,100 (Saldo Awal),AIUEO,00:00.0,KEP-XXX,X,X,X,X,X,X,X,X,X,X,X,X,X,X,X,X,X,X,X,X,X,X,X,X,X,X,X,X,X,X,X,X,X,X,X
A,KEMENTERIAN A,6372,X,DD,X,X,X,X,X,3020103003,Sepeda Motor,6,6,2015-8-2 00:00:00.000,00:00.0,137930911,0,137930911,13793091,124137820,Baik,DDX,1,4,X,X,X,135 (Perolehan Migrasi SIMAK),AIUEO,00:00.0,KEP-XXX,X,X,X,X,X,X,X,X,X,X,X,X,X,X,X,X,X,X,X,X,X,X,X,X,X,X,X,X,X,X,X,X,X,X,X
A,KEMENTERIAN A,7047,X,DD,X,X,X,X,X,3020104003,Sepeda Motor,1,1,2014-2-12 00:00:00.000,00:00.0,198257888,0,198257888,39651578,158606310,Baik,EOL,1,0,X,X,X,102 (Transfer Masuk),AIUEO,00:00.0,KEP-XXX,X,X,X,X,X,X,X,X,X,X,X,X,X,X,X,X,X,X,X,X,X,X,X,X,X,X,X,X,X,X,X,X,X,X,X
A,KEMENTERIAN A,7862,X,DD,X,X,X,X,X,3020104003,Sepeda Motor,2,2,2013-2-17 00:00:00.000,00:00.0,175806809,0,175806809,52742043,123064766,Baik,RXI,1,5,X,X,X,135 (Perolehan Migrasi SIMAK),AIUEO,00:00.0,KEP-XXX,X,X,X,X,X,X,X,X,X,X,X,X,X,X,X,X,X,X,X,X,X,X,X,X,X,X,X,X,X,X,X,X,X,X,X
A,KEMENTERIAN A,9280,X,DD,X,X,X,X,X,3020104003,Sepeda Motor,3,3,2013-8-26 00:00:00.000,00:00.0,111299231,0,111299231,33389769,77909462,Baik,BYZ,1,4,X,X,X,135 (Perolehan Migrasi SIMAK),AIUEO,00:00.0,KEP-XXX,X,X,X,X,X,X,X,X,X,X,X,X,X,X,X,X,X,X,X,X,X,X,X,X,X,X,X,X,X,X,X,X,X,X,X
A,KEMENTERIAN A,7818,X,DD,X,X,X,X,X,3020104003,Sepeda Motor,4,4,2013-5-21 00:00:00.000,00:00.0,176539363,0,176539363,52961809,123577554,Baik,GLS,1,2,X,X,X,102 (Transfer Masuk),AIUEO,00:00.0,KEP-XXX,X,X,X,X,X,X,X,X,X,X,X,X,X,X,X,X,X,X,X,X,X,X,X,X,X,X,X,X,X,X,X,X,X,X,X
A,KEMENTERIAN A,8858,X,DD,X,X,X,X,X,3020104003,Sepeda Motor,5,5,2014-8-3 00:00:00.000,00:00.0,27372764,0,27372764,5474553,21898211,Baik,ZJQ,1,2,X,X,X,100 (Saldo Awal),AIUEO,00:00.0,KEP-XXX,X,X,X,X,X,X,X,X,X,X,X,X,X,X,X,X,X,X,X,X,X,X,X,X,X,X,X,X,X,X,X,X,X,X,X
A,KEMENTERIAN A,8946,X,DD,X,X,X,X,X,3020104003,Sepeda Motor,6,6,2015-5-11 00:00:00.000,00:00.0,21234642,0,21234642,2123464,19111178,Baik,XRQ,1,4,X,X,X,102 (Transfer Masuk),AIUEO,00:00.0,KEP-XXX,X,X,X,X,X,X,X,X,X,X,X,X,X,X,X,X,X,X,X,X,X,X,X,X,X,X,X,X,X,X,X,X,X,X,X
A,KEMENTERIAN A,5360,X,DD,X,X,X,X,X,3020105003,Sepeda Motor,1,1,2013-7-10 00:00:00.000,00:00.0,184105415,0,184105415,55231625,128873791,Baik,XMX,1,3,X,X,X,135 (Perolehan Migrasi SIMAK),AIUEO,00:00.0,KEP-XXX,X,X,X,X,X,X,X,X,X,X,X,X,X,X,X,X,X,X,X,X,X,X,X,X,X,X,X,X,X,X,X,X,X,X,X
A,KEMENTERIAN A,6740,X,DD,X,X,X,X,X,3020105003,Sepeda Motor,2,2,2016-2-1 00:00:00.000,00:00.0,39022811,0,39022811, -   ,39022811,Baik,ENC,1,4,X,X,X,135 (Perolehan Migrasi SIMAK),AIUEO,00:00.0,KEP-XXX,X,X,X,X,X,X,X,X,X,X,X,X,X,X,X,X,X,X,X,X,X,X,X,X,X,X,X,X,X,X,X,X,X,X,X
A,KEMENTERIAN A,4962,X,DD,X,X,X,X,X,3020105003,Sepeda Motor,3,3,2016-11-26 00:00:00.000,00:00.0,110315378,0,110315378, -   ,110315378,Baik,EJK,1,5,X,X,X,102 (Transfer Masuk),AIUEO,00:00.0,KEP-XXX,X,X,X,X,X,X,X,X,X,X,X,X,X,X,X,X,X,X,X,X,X,X,X,X,X,X,X,X,X,X,X,X,X,X,X
A,KEMENTERIAN A,8774,X,DD,X,X,X,X,X,3020105003,Sepeda Motor,4,4,2015-11-16 00:00:00.000,00:00.0,57295645,0,57295645,5729565,51566081,Baik,TRH,1,5,X,X,X,100 (Saldo Awal),AIUEO,00:00.0,KEP-XXX,X,X,X,X,X,X,X,X,X,X,X,X,X,X,X,X,X,X,X,X,X,X,X,X,X,X,X,X,X,X,X,X,X,X,X
A,KEMENTERIAN A,4178,X,DD,X,X,X,X,X,3020105003,Mobil Y,5,5,2013-11-1 00:00:00.000,00:00.0,188962271,0,188962271,56688681,132273590,Baik,WLM,1,3,X,X,X,135 (Perolehan Migrasi SIMAK),AIUEO,00:00.0,KEP-XXX,X,X,X,X,X,X,X,X,X,X,X,X,X,X,X,X,X,X,X,X,X,X,X,X,X,X,X,X,X,X,X,X,X,X,X
A,KEMENTERIAN A,4635,X,DD,X,X,X,X,X,3020105003,Sepeda Motor,6,6,2013-2-21 00:00:00.000,00:00.0,169379232,0,169379232,50813770,118565462,Baik,VCM,1,2,X,X,X,100 (Saldo Awal),AIUEO,00:00.0,KEP-XXX,X,X,X,X,X,X,X,X,X,X,X,X,X,X,X,X,X,X,X,X,X,X,X,X,X,X,X,X,X,X,X,X,X,X,X
A,KEMENTERIAN A,9412,X,EE,X,X,X,X,X,3020101003,Mobil Z,1,1,2016-7-19 00:00:00.000,00:00.0,96903087,0,96903087, -   ,96903087,Baik,WDV,1,5,X,X,X,135 (Perolehan Migrasi SIMAK),AIUEO,00:00.0,KEP-XXX,X,X,X,X,X,X,X,X,X,X,X,X,X,X,X,X,X,X,X,X,X,X,X,X,X,X,X,X,X,X,X,X,X,X,X
A,KEMENTERIAN A,9899,X,EE,X,X,X,X,X,3020101003,Sepeda Motor,2,2,2014-3-1 00:00:00.000,00:00.0,153940646,0,153940646,30788129,123152517,Baik,PRN,1,4,X,X,X,102 (Transfer Masuk),AIUEO,00:00.0,KEP-XXX,X,X,X,X,X,X,X,X,X,X,X,X,X,X,X,X,X,X,X,X,X,X,X,X,X,X,X,X,X,X,X,X,X,X,X
A,KEMENTERIAN A,6464,X,EE,X,X,X,X,X,3020101003,Sepeda Motor,3,3,2013-10-11 00:00:00.000,00:00.0,195789271,0,195789271,58736781,137052490,Baik,JYO,1,2,X,X,X,102 (Transfer Masuk),AIUEO,00:00.0,KEP-XXX,X,X,X,X,X,X,X,X,X,X,X,X,X,X,X,X,X,X,X,X,X,X,X,X,X,X,X,X,X,X,X,X,X,X,X
A,KEMENTERIAN A,5313,X,EE,X,X,X,X,X,3020101003,Sepeda Motor,4,4,2014-7-12 00:00:00.000,00:00.0,144364064,0,144364064,28872813,115491251,Baik,PNV,1,4,X,X,X,135 (Perolehan Migrasi SIMAK),AIUEO,00:00.0,KEP-XXX,X,X,X,X,X,X,X,X,X,X,X,X,X,X,X,X,X,X,X,X,X,X,X,X,X,X,X,X,X,X,X,X,X,X,X
A,KEMENTERIAN A,9544,X,EE,X,X,X,X,X,3020101003,Sepeda Motor,5,5,2016-7-21 00:00:00.000,00:00.0,84378987,0,84378987, -   ,84378987,Baik,XUV,1,2,X,X,X,100 (Saldo Awal),AIUEO,00:00.0,KEP-XXX,X,X,X,X,X,X,X,X,X,X,X,X,X,X,X,X,X,X,X,X,X,X,X,X,X,X,X,X,X,X,X,X,X,X,X
A,KEMENTERIAN A,6440,X,EE,X,X,X,X,X,3020101003,Mobil Y,6,6,2013-3-14 00:00:00.000,00:00.0,196501769,0,196501769,58950531,137551238,Baik,JDC,1,1,X,X,X,135 (Perolehan Migrasi SIMAK),AIUEO,00:00.0,KEP-XXX,X,X,X,X,X,X,X,X,X,X,X,X,X,X,X,X,X,X,X,X,X,X,X,X,X,X,X,X,X,X,X,X,X,X,X
A,KEMENTERIAN A,6887,X,EE,X,X,X,X,X,3020102003,Sepeda Motor,1,1,2016-4-24 00:00:00.000,00:00.0,46604088,0,46604088, -   ,46604088,Baik,BHU,1,0,X,X,X,135 (Perolehan Migrasi SIMAK),AIUEO,00:00.0,KEP-XXX,X,X,X,X,X,X,X,X,X,X,X,X,X,X,X,X,X,X,X,X,X,X,X,X,X,X,X,X,X,X,X,X,X,X,X
A,KEMENTERIAN A,4587,X,EE,X,X,X,X,X,3020102003,Sepeda Motor,2,2,2016-1-5 00:00:00.000,00:00.0,155396483,0,155396483, -   ,155396483,Baik,ITM,1,4,X,X,X,102 (Transfer Masuk),AIUEO,00:00.0,KEP-XXX,X,X,X,X,X,X,X,X,X,X,X,X,X,X,X,X,X,X,X,X,X,X,X,X,X,X,X,X,X,X,X,X,X,X,X
A,KEMENTERIAN A,9482,X,EE,X,X,X,X,X,3020102003,Sepeda Motor,3,3,2014-3-20 00:00:00.000,00:00.0,91175985,0,91175985,18235197,72940788,Baik,VEK,1,0,X,X,X,135 (Perolehan Migrasi SIMAK),AIUEO,00:00.0,KEP-XXX,X,X,X,X,X,X,X,X,X,X,X,X,X,X,X,X,X,X,X,X,X,X,X,X,X,X,X,X,X,X,X,X,X,X,X
A,KEMENTERIAN A,5208,X,EE,X,X,X,X,X,3020102003,Mini Bus ( Penumpang 14 Orang Kebawah ),4,4,2016-12-16 00:00:00.000,00:00.0,27484504,0,27484504, -   ,27484504,Baik,WKC,1,3,X,X,X,135 (Perolehan Migrasi SIMAK),AIUEO,00:00.0,KEP-XXX,X,X,X,X,X,X,X,X,X,X,X,X,X,X,X,X,X,X,X,X,X,X,X,X,X,X,X,X,X,X,X,X,X,X,X
A,KEMENTERIAN A,9846,X,EE,X,X,X,X,X,3020102003,Mobil X,5,5,2013-8-20 00:00:00.000,00:00.0,30698150,0,30698150,9209445,21488705,Baik,MWH,1,3,X,X,X,135 (Perolehan Migrasi SIMAK),AIUEO,00:00.0,KEP-XXX,X,X,X,X,X,X,X,X,X,X,X,X,X,X,X,X,X,X,X,X,X,X,X,X,X,X,X,X,X,X,X,X,X,X,X
A,KEMENTERIAN A,6063,X,EE,X,X,X,X,X,3020102003,Sepeda Motor,6,6,2014-6-13 00:00:00.000,00:00.0,50842500,0,50842500,10168500,40674000,Baik,CUF,1,2,X,X,X,100 (Saldo Awal),AIUEO,00:00.0,KEP-XXX,X,X,X,X,X,X,X,X,X,X,X,X,X,X,X,X,X,X,X,X,X,X,X,X,X,X,X,X,X,X,X,X,X,X,X
A,KEMENTERIAN A,6111,X,EE,X,X,X,X,X,3020103003,Sepeda Motor,1,1,2013-5-24 00:00:00.000,00:00.0,160078233,0,160078233,48023470,112054763,Baik,VWN,1,5,X,X,X,135 (Perolehan Migrasi SIMAK),AIUEO,00:00.0,KEP-XXX,X,X,X,X,X,X,X,X,X,X,X,X,X,X,X,X,X,X,X,X,X,X,X,X,X,X,X,X,X,X,X,X,X,X,X
A,KEMENTERIAN A,7628,X,EE,X,X,X,X,X,3020103003,Sepeda Motor,2,2,2013-12-12 00:00:00.000,00:00.0,175785973,0,175785973,52735792,123050181,Baik,KQL,1,1,X,X,X,135 (Perolehan Migrasi SIMAK),AIUEO,00:00.0,KEP-XXX,X,X,X,X,X,X,X,X,X,X,X,X,X,X,X,X,X,X,X,X,X,X,X,X,X,X,X,X,X,X,X,X,X,X,X
A,KEMENTERIAN A,7104,X,EE,X,X,X,X,X,3020103003,Sepeda Motor,3,3,2015-2-2 00:00:00.000,00:00.0,28634073,0,28634073,2863407,25770666,Baik,YZI,1,1,X,X,X,100 (Saldo Awal),AIUEO,00:00.0,KEP-XXX,X,X,X,X,X,X,X,X,X,X,X,X,X,X,X,X,X,X,X,X,X,X,X,X,X,X,X,X,X,X,X,X,X,X,X
A,KEMENTERIAN A,4480,X,EE,X,X,X,X,X,3020103003,Sepeda Motor,4,4,2015-7-16 00:00:00.000,00:00.0,36373382,0,36373382,3637338,32736044,Baik,GLV,1,0,X,X,X,100 (Saldo Awal),AIUEO,00:00.0,KEP-XXX,X,X,X,X,X,X,X,X,X,X,X,X,X,X,X,X,X,X,X,X,X,X,X,X,X,X,X,X,X,X,X,X,X,X,X
A,KEMENTERIAN A,4848,X,EE,X,X,X,X,X,3020103003,Sepeda Motor,5,5,2016-1-9 00:00:00.000,00:00.0,104557904,0,104557904, -   ,104557904,Baik,WOQ,1,4,X,X,X,135 (Perolehan Migrasi SIMAK),AIUEO,00:00.0,KEP-XXX,X,X,X,X,X,X,X,X,X,X,X,X,X,X,X,X,X,X,X,X,X,X,X,X,X,X,X,X,X,X,X,X,X,X,X
A,KEMENTERIAN A,5852,X,EE,X,X,X,X,X,3020103003,Sepeda Motor,6,6,2014-8-20 00:00:00.000,00:00.0,74915670,0,74915670,14983134,59932536,Baik,VNN,1,3,X,X,X,102 (Transfer Masuk),AIUEO,00:00.0,KEP-XXX,X,X,X,X,X,X,X,X,X,X,X,X,X,X,X,X,X,X,X,X,X,X,X,X,X,X,X,X,X,X,X,X,X,X,X
A,KEMENTERIAN A,6165,X,EE,X,X,X,X,X,3020104003,Sepeda Motor,1,1,2016-11-23 00:00:00.000,00:00.0,71986907,0,71986907, -   ,71986907,Baik,LNU,1,0,X,X,X,100 (Saldo Awal),AIUEO,00:00.0,KEP-XXX,X,X,X,X,X,X,X,X,X,X,X,X,X,X,X,X,X,X,X,X,X,X,X,X,X,X,X,X,X,X,X,X,X,X,X
A,KEMENTERIAN A,6656,X,EE,X,X,X,X,X,3020104003,Sepeda Motor,2,2,2016-6-12 00:00:00.000,00:00.0,38274512,0,38274512, -   ,38274512,Baik,WRX,1,4,X,X,X,135 (Perolehan Migrasi SIMAK),AIUEO,00:00.0,KEP-XXX,X,X,X,X,X,X,X,X,X,X,X,X,X,X,X,X,X,X,X,X,X,X,X,X,X,X,X,X,X,X,X,X,X,X,X
A,KEMENTERIAN A,9500,X,EE,X,X,X,X,X,3020104003,Sepeda Motor,3,3,2015-1-28 00:00:00.000,00:00.0,61650319,0,61650319,6165032,55485287,Baik,HLC,1,5,X,X,X,100 (Saldo Awal),AIUEO,00:00.0,KEP-XXX,X,X,X,X,X,X,X,X,X,X,X,X,X,X,X,X,X,X,X,X,X,X,X,X,X,X,X,X,X,X,X,X,X,X,X
A,KEMENTERIAN A,6323,X,EE,X,X,X,X,X,3020104003,Sepeda Motor,4,4,2014-2-14 00:00:00.000,00:00.0,62835160,0,62835160,12567032,50268128,Baik,JQP,1,5,X,X,X,135 (Perolehan Migrasi SIMAK),AIUEO,00:00.0,KEP-XXX,X,X,X,X,X,X,X,X,X,X,X,X,X,X,X,X,X,X,X,X,X,X,X,X,X,X,X,X,X,X,X,X,X,X,X
A,KEMENTERIAN A,8089,X,EE,X,X,X,X,X,3020104003,Sepeda Motor,5,5,2014-5-28 00:00:00.000,00:00.0,8892965,0,8892965,1778593,7114372,Baik,DXK,1,2,X,X,X,135 (Perolehan Migrasi SIMAK),AIUEO,00:00.0,KEP-XXX,X,X,X,X,X,X,X,X,X,X,X,X,X,X,X,X,X,X,X,X,X,X,X,X,X,X,X,X,X,X,X,X,X,X,X
A,KEMENTERIAN A,4296,X,EE,X,X,X,X,X,3020104003,Sepeda Motor,6,6,2014-1-28 00:00:00.000,00:00.0,147483625,0,147483625,29496725,117986900,Baik,MFE,1,4,X,X,X,135 (Perolehan Migrasi SIMAK),AIUEO,00:00.0,KEP-XXX,X,X,X,X,X,X,X,X,X,X,X,X,X,X,X,X,X,X,X,X,X,X,X,X,X,X,X,X,X,X,X,X,X,X,X
A,KEMENTERIAN A,7414,X,EE,X,X,X,X,X,3020105003,Sepeda Motor,1,1,2013-8-6 00:00:00.000,00:00.0,21133945,0,21133945,6340184,14793762,Baik,EWZ,1,4,X,X,X,135 (Perolehan Migrasi SIMAK),AIUEO,00:00.0,KEP-XXX,X,X,X,X,X,X,X,X,X,X,X,X,X,X,X,X,X,X,X,X,X,X,X,X,X,X,X,X,X,X,X,X,X,X,X
A,KEMENTERIAN A,6595,X,EE,X,X,X,X,X,3020105003,Sepeda Motor,2,2,2013-1-10 00:00:00.000,00:00.0,17159064,0,17159064,5147719,12011345,Baik,CEP,1,1,X,X,X,135 (Perolehan Migrasi SIMAK),AIUEO,00:00.0,KEP-XXX,X,X,X,X,X,X,X,X,X,X,X,X,X,X,X,X,X,X,X,X,X,X,X,X,X,X,X,X,X,X,X,X,X,X,X
A,KEMENTERIAN A,5600,X,EE,X,X,X,X,X,3020105003,Sepeda Motor,3,3,2014-6-25 00:00:00.000,00:00.0,20715861,0,20715861,4143172,16572689,Baik,IGV,1,5,X,X,X,100 (Saldo Awal),AIUEO,00:00.0,KEP-XXX,X,X,X,X,X,X,X,X,X,X,X,X,X,X,X,X,X,X,X,X,X,X,X,X,X,X,X,X,X,X,X,X,X,X,X
A,KEMENTERIAN A,7240,X,EE,X,X,X,X,X,3020105003,Sepeda Motor,4,4,2014-8-5 00:00:00.000,00:00.0,136071804,0,136071804,27214361,108857443,Baik,WPJ,1,2,X,X,X,102 (Transfer Masuk),AIUEO,00:00.0,KEP-XXX,X,X,X,X,X,X,X,X,X,X,X,X,X,X,X,X,X,X,X,X,X,X,X,X,X,X,X,X,X,X,X,X,X,X,X
A,KEMENTERIAN A,9724,X,EE,X,X,X,X,X,3020105003,Sepeda Motor,5,5,2013-3-9 00:00:00.000,00:00.0,31624274,0,31624274,9487282,22136992,Baik,WPL,1,5,X,X,X,102 (Transfer Masuk),AIUEO,00:00.0,KEP-XXX,X,X,X,X,X,X,X,X,X,X,X,X,X,X,X,X,X,X,X,X,X,X,X,X,X,X,X,X,X,X,X,X,X,X,X
A,KEMENTERIAN A,5756,X,EE,X,X,X,X,X,3020105003,Sepeda Motor,6,6,2015-5-14 00:00:00.000,00:00.0,185802040,0,185802040,18580204,167221836,Baik,PUK,1,5,X,X,X,102 (Transfer Masuk),AIUEO,00:00.0,KEP-XXX,X,X,X,X,X,X,X,X,X,X,X,X,X,X,X,X,X,X,X,X,X,X,X,X,X,X,X,X,X,X,X,X,X,X,X
A,KEMENTERIAN A,7709,X,FF,X,X,X,X,X,3020101003,Mobil Y,1,1,2014-8-13 00:00:00.000,00:00.0,102395054,0,102395054,20479011,81916043,Baik,UEM,1,2,X,X,X,135 (Perolehan Migrasi SIMAK),AIUEO,00:00.0,KEP-XXX,X,X,X,X,X,X,X,X,X,X,X,X,X,X,X,X,X,X,X,X,X,X,X,X,X,X,X,X,X,X,X,X,X,X,X
A,KEMENTERIAN A,9402,X,FF,X,X,X,X,X,3020101003,Sepeda Motor,2,2,2014-5-3 00:00:00.000,00:00.0,175228742,0,175228742,35045748,140182994,Baik,ETC,1,4,X,X,X,135 (Perolehan Migrasi SIMAK),AIUEO,00:00.0,KEP-XXX,X,X,X,X,X,X,X,X,X,X,X,X,X,X,X,X,X,X,X,X,X,X,X,X,X,X,X,X,X,X,X,X,X,X,X
A,KEMENTERIAN A,5012,X,FF,X,X,X,X,X,3020101003,Mobil X,3,3,2014-5-28 00:00:00.000,00:00.0,188456476,0,188456476,37691295,150765181,Baik,UMS,1,1,X,X,X,135 (Perolehan Migrasi SIMAK),AIUEO,00:00.0,KEP-XXX,X,X,X,X,X,X,X,X,X,X,X,X,X,X,X,X,X,X,X,X,X,X,X,X,X,X,X,X,X,X,X,X,X,X,X
A,KEMENTERIAN A,9142,X,FF,X,X,X,X,X,3020101003,Sepeda Motor,4,4,2016-3-28 00:00:00.000,00:00.0,183704926,0,183704926, -   ,183704926,Baik,KRR,1,2,X,X,X,100 (Saldo Awal),AIUEO,00:00.0,KEP-XXX,X,X,X,X,X,X,X,X,X,X,X,X,X,X,X,X,X,X,X,X,X,X,X,X,X,X,X,X,X,X,X,X,X,X,X
A,KEMENTERIAN A,9981,X,FF,X,X,X,X,X,3020101003,Sepeda Motor,5,5,2016-2-26 00:00:00.000,00:00.0,49576878,0,49576878, -   ,49576878,Baik,IGK,1,2,X,X,X,102 (Transfer Masuk),AIUEO,00:00.0,KEP-XXX,X,X,X,X,X,X,X,X,X,X,X,X,X,X,X,X,X,X,X,X,X,X,X,X,X,X,X,X,X,X,X,X,X,X,X
A,KEMENTERIAN A,6793,X,FF,X,X,X,X,X,3020101003,Sepeda Motor,6,6,2014-7-4 00:00:00.000,00:00.0,175028441,0,175028441,35005688,140022753,Baik,HNW,1,0,X,X,X,102 (Transfer Masuk),AIUEO,00:00.0,KEP-XXX,X,X,X,X,X,X,X,X,X,X,X,X,X,X,X,X,X,X,X,X,X,X,X,X,X,X,X,X,X,X,X,X,X,X,X
A,KEMENTERIAN A,7470,X,FF,X,X,X,X,X,3020102003,Sepeda Motor,1,1,2013-11-5 00:00:00.000,00:00.0,55622389,0,55622389,16686717,38935672,Baik,VGY,1,1,X,X,X,102 (Transfer Masuk),AIUEO,00:00.0,KEP-XXX,X,X,X,X,X,X,X,X,X,X,X,X,X,X,X,X,X,X,X,X,X,X,X,X,X,X,X,X,X,X,X,X,X,X,X
A,KEMENTERIAN A,8015,X,FF,X,X,X,X,X,3020102003,Sepeda Motor,2,2,2013-2-14 00:00:00.000,00:00.0,53401090,0,53401090,16020327,37380763,Baik,XDN,1,5,X,X,X,135 (Perolehan Migrasi SIMAK),AIUEO,00:00.0,KEP-XXX,X,X,X,X,X,X,X,X,X,X,X,X,X,X,X,X,X,X,X,X,X,X,X,X,X,X,X,X,X,X,X,X,X,X,X
A,KEMENTERIAN A,5970,X,FF,X,X,X,X,X,3020102003,Sepeda Motor,3,3,2015-7-21 00:00:00.000,00:00.0,111749889,0,111749889,11174989,100574900,Baik,NHO,1,5,X,X,X,135 (Perolehan Migrasi SIMAK),AIUEO,00:00.0,KEP-XXX,X,X,X,X,X,X,X,X,X,X,X,X,X,X,X,X,X,X,X,X,X,X,X,X,X,X,X,X,X,X,X,X,X,X,X
A,KEMENTERIAN A,6202,X,FF,X,X,X,X,X,3020102003,Sepeda Motor,4,4,2014-6-9 00:00:00.000,00:00.0,97086267,0,97086267,19417253,77669014,Baik,ZQV,1,0,X,X,X,135 (Perolehan Migrasi SIMAK),AIUEO,00:00.0,KEP-XXX,X,X,X,X,X,X,X,X,X,X,X,X,X,X,X,X,X,X,X,X,X,X,X,X,X,X,X,X,X,X,X,X,X,X,X
A,KEMENTERIAN A,9549,X,FF,X,X,X,X,X,3020102003,Mobil X,5,5,2014-3-22 00:00:00.000,00:00.0,168157203,0,168157203,33631441,134525762,Baik,FXR,1,5,X,X,X,135 (Perolehan Migrasi SIMAK),AIUEO,00:00.0,KEP-XXX,X,X,X,X,X,X,X,X,X,X,X,X,X,X,X,X,X,X,X,X,X,X,X,X,X,X,X,X,X,X,X,X,X,X,X
A,KEMENTERIAN A,8063,X,FF,X,X,X,X,X,3020102003,Sepeda Motor,6,6,2015-11-20 00:00:00.000,00:00.0,102959790,0,102959790,10295979,92663811,Baik,LLV,1,4,X,X,X,135 (Perolehan Migrasi SIMAK),AIUEO,00:00.0,KEP-XXX,X,X,X,X,X,X,X,X,X,X,X,X,X,X,X,X,X,X,X,X,X,X,X,X,X,X,X,X,X,X,X,X,X,X,X
A,KEMENTERIAN A,7383,X,FF,X,X,X,X,X,3020103003,Sepeda Motor,1,1,2014-12-20 00:00:00.000,00:00.0,192014031,0,192014031,38402806,153611225,Rusak Berat,KSM,1,5,X,X,X,135 (Perolehan Migrasi SIMAK),AIUEO,00:00.0,KEP-XXX,X,X,X,X,X,X,X,X,X,X,X,X,X,X,X,X,X,X,X,X,X,X,X,X,X,X,X,X,X,X,X,X,X,X,X
A,KEMENTERIAN A,5228,X,FF,X,X,X,X,X,3020103003,Sepeda Motor,2,2,2013-10-15 00:00:00.000,00:00.0,20504502,0,20504502,6151351,14353151,Baik,EXF,1,0,X,X,X,135 (Perolehan Migrasi SIMAK),AIUEO,00:00.0,KEP-XXX,X,X,X,X,X,X,X,X,X,X,X,X,X,X,X,X,X,X,X,X,X,X,X,X,X,X,X,X,X,X,X,X,X,X,X
A,KEMENTERIAN A,6027,X,FF,X,X,X,X,X,3020103003,Sepeda Motor,3,3,2015-4-18 00:00:00.000,00:00.0,186404830,0,186404830,18640483,167764347,Baik,JXK,1,3,X,X,X,102 (Transfer Masuk),AIUEO,00:00.0,KEP-XXX,X,X,X,X,X,X,X,X,X,X,X,X,X,X,X,X,X,X,X,X,X,X,X,X,X,X,X,X,X,X,X,X,X,X,X
A,KEMENTERIAN A,9439,X,FF,X,X,X,X,X,3020103003,Sepeda Motor,4,4,2016-2-6 00:00:00.000,00:00.0,198440915,0,198440915, -   ,198440915,Baik,JUO,1,1,X,X,X,135 (Perolehan Migrasi SIMAK),AIUEO,00:00.0,KEP-XXX,X,X,X,X,X,X,X,X,X,X,X,X,X,X,X,X,X,X,X,X,X,X,X,X,X,X,X,X,X,X,X,X,X,X,X
A,KEMENTERIAN A,9992,X,FF,X,X,X,X,X,3020103003,Sepeda Motor,5,5,2014-10-15 00:00:00.000,00:00.0,162407738,0,162407738,32481548,129926190,Baik,IGN,1,3,X,X,X,102 (Transfer Masuk),AIUEO,00:00.0,KEP-XXX,X,X,X,X,X,X,X,X,X,X,X,X,X,X,X,X,X,X,X,X,X,X,X,X,X,X,X,X,X,X,X,X,X,X,X
A,KEMENTERIAN A,8674,X,FF,X,X,X,X,X,3020103003,Mobil Y,6,6,2016-7-6 00:00:00.000,00:00.0,38267771,0,38267771, -   ,38267771,Baik,SBP,1,4,X,X,X,135 (Perolehan Migrasi SIMAK),AIUEO,00:00.0,KEP-XXX,X,X,X,X,X,X,X,X,X,X,X,X,X,X,X,X,X,X,X,X,X,X,X,X,X,X,X,X,X,X,X,X,X,X,X
A,KEMENTERIAN A,9164,X,FF,X,X,X,X,X,3020104003,Sepeda Motor,1,1,2015-6-7 00:00:00.000,00:00.0,8981254,0,8981254,898125,8083129,Baik,YSG,1,1,X,X,X,100 (Saldo Awal),AIUEO,00:00.0,KEP-XXX,X,X,X,X,X,X,X,X,X,X,X,X,X,X,X,X,X,X,X,X,X,X,X,X,X,X,X,X,X,X,X,X,X,X,X
A,KEMENTERIAN A,6325,X,FF,X,X,X,X,X,3020104003,Sepeda Motor,2,2,2014-5-6 00:00:00.000,00:00.0,25700093,0,25700093,5140019,20560074,Baik,MVQ,1,2,X,X,X,135 (Perolehan Migrasi SIMAK),AIUEO,00:00.0,KEP-XXX,X,X,X,X,X,X,X,X,X,X,X,X,X,X,X,X,X,X,X,X,X,X,X,X,X,X,X,X,X,X,X,X,X,X,X
A,KEMENTERIAN A,4451,X,FF,X,X,X,X,X,3020104003,Sepeda Motor,3,3,2013-7-6 00:00:00.000,00:00.0,79199019,0,79199019,23759706,55439313,Baik,EUY,1,0,X,X,X,135 (Perolehan Migrasi SIMAK),AIUEO,00:00.0,KEP-XXX,X,X,X,X,X,X,X,X,X,X,X,X,X,X,X,X,X,X,X,X,X,X,X,X,X,X,X,X,X,X,X,X,X,X,X
A,KEMENTERIAN A,9540,X,FF,X,X,X,X,X,3020104003,Sepeda Motor,4,4,2015-10-8 00:00:00.000,00:00.0,159421065,0,159421065,15942107,143478959,Baik,XNF,1,0,X,X,X,102 (Transfer Masuk),AIUEO,00:00.0,KEP-XXX,X,X,X,X,X,X,X,X,X,X,X,X,X,X,X,X,X,X,X,X,X,X,X,X,X,X,X,X,X,X,X,X,X,X,X
A,KEMENTERIAN A,8518,X,FF,X,X,X,X,X,3020104003,Sepeda Motor,5,5,2015-3-27 00:00:00.000,00:00.0,141816226,0,141816226,14181623,127634603,Baik,BZS,1,3,X,X,X,135 (Perolehan Migrasi SIMAK),AIUEO,00:00.0,KEP-XXX,X,X,X,X,X,X,X,X,X,X,X,X,X,X,X,X,X,X,X,X,X,X,X,X,X,X,X,X,X,X,X,X,X,X,X
A,KEMENTERIAN A,5367,X,FF,X,X,X,X,X,3020104003,Sepeda Motor,6,6,2013-7-23 00:00:00.000,00:00.0,9962837,0,9962837,2988851,6973986,Baik,LZR,1,0,X,X,X,100 (Saldo Awal),AIUEO,00:00.0,KEP-XXX,X,X,X,X,X,X,X,X,X,X,X,X,X,X,X,X,X,X,X,X,X,X,X,X,X,X,X,X,X,X,X,X,X,X,X
A,KEMENTERIAN A,7037,X,FF,X,X,X,X,X,3020105003,Sepeda Motor,1,1,2015-5-21 00:00:00.000,00:00.0,118544512,0,118544512,11854451,106690061,Baik,MNO,1,1,X,X,X,102 (Transfer Masuk),AIUEO,00:00.0,KEP-XXX,X,X,X,X,X,X,X,X,X,X,X,X,X,X,X,X,X,X,X,X,X,X,X,X,X,X,X,X,X,X,X,X,X,X,X
A,KEMENTERIAN A,7717,X,FF,X,X,X,X,X,3020105003,Sepeda Motor,2,2,2013-11-12 00:00:00.000,00:00.0,110195584,0,110195584,33058675,77136909,Baik,TGG,1,2,X,X,X,102 (Transfer Masuk),AIUEO,00:00.0,KEP-XXX,X,X,X,X,X,X,X,X,X,X,X,X,X,X,X,X,X,X,X,X,X,X,X,X,X,X,X,X,X,X,X,X,X,X,X
A,KEMENTERIAN A,8956,X,FF,X,X,X,X,X,3020105003,Sepeda Motor,3,3,2013-1-7 00:00:00.000,00:00.0,15321812,0,15321812,4596544,10725268,Baik,WBT,1,1,X,X,X,102 (Transfer Masuk),AIUEO,00:00.0,KEP-XXX,X,X,X,X,X,X,X,X,X,X,X,X,X,X,X,X,X,X,X,X,X,X,X,X,X,X,X,X,X,X,X,X,X,X,X
A,KEMENTERIAN A,7957,X,FF,X,X,X,X,X,3020105003,Sepeda Motor,4,4,2013-4-16 00:00:00.000,00:00.0,26891822,0,26891822,8067547,18824275,Baik,INO,1,4,X,X,X,135 (Perolehan Migrasi SIMAK),AIUEO,00:00.0,KEP-XXX,X,X,X,X,X,X,X,X,X,X,X,X,X,X,X,X,X,X,X,X,X,X,X,X,X,X,X,X,X,X,X,X,X,X,X
A,KEMENTERIAN A,9875,X,FF,X,X,X,X,X,3020105003,Sepeda Motor,5,5,2015-2-8 00:00:00.000,00:00.0,23006631,0,23006631,2300663,20705968,Baik,RZI,1,3,X,X,X,102 (Transfer Masuk),AIUEO,00:00.0,KEP-XXX,X,X,X,X,X,X,X,X,X,X,X,X,X,X,X,X,X,X,X,X,X,X,X,X,X,X,X,X,X,X,X,X,X,X,X
A,KEMENTERIAN A,6798,X,FF,X,X,X,X,X,3020105003,Sepeda Motor,6,6,2013-7-9 00:00:00.000,00:00.0,68749346,0,68749346,20624804,48124542,Baik,QJV,1,3,X,X,X,135 (Perolehan Migrasi SIMAK),AIUEO,00:00.0,KEP-XXX,X,X,X,X,X,X,X,X,X,X,X,X,X,X,X,X,X,X,X,X,X,X,X,X,X,X,X,X,X,X,X,X,X,X,X
A,KEMENTERIAN A,5290,X,GG,X,X,X,X,X,3020101003,Sepeda Motor,1,1,2013-2-12 00:00:00.000,00:00.0,163016366,0,163016366,48904910,114111456,Baik,ZRP,1,3,X,X,X,135 (Perolehan Migrasi SIMAK),AIUEO,00:00.0,KEP-XXX,X,X,X,X,X,X,X,X,X,X,X,X,X,X,X,X,X,X,X,X,X,X,X,X,X,X,X,X,X,X,X,X,X,X,X
A,KEMENTERIAN A,5022,X,GG,X,X,X,X,X,3020101003,Sepeda Motor,2,2,2015-5-28 00:00:00.000,00:00.0,38038209,0,38038209,3803821,34234388,Baik,PCY,1,0,X,X,X,135 (Perolehan Migrasi SIMAK),AIUEO,00:00.0,KEP-XXX,X,X,X,X,X,X,X,X,X,X,X,X,X,X,X,X,X,X,X,X,X,X,X,X,X,X,X,X,X,X,X,X,X,X,X
A,KEMENTERIAN A,9114,X,GG,X,X,X,X,X,3020101003,Sepeda Motor,3,3,2016-11-22 00:00:00.000,00:00.0,82188534,0,82188534, -   ,82188534,Baik,UTV,1,5,X,X,X,102 (Transfer Masuk),AIUEO,00:00.0,KEP-XXX,X,X,X,X,X,X,X,X,X,X,X,X,X,X,X,X,X,X,X,X,X,X,X,X,X,X,X,X,X,X,X,X,X,X,X
A,KEMENTERIAN A,5921,X,GG,X,X,X,X,X,3020101003,Sepeda Motor,4,4,2014-11-9 00:00:00.000,00:00.0,86458657,0,86458657,17291731,69166926,Baik,WTF,1,1,X,X,X,102 (Transfer Masuk),AIUEO,00:00.0,KEP-XXX,X,X,X,X,X,X,X,X,X,X,X,X,X,X,X,X,X,X,X,X,X,X,X,X,X,X,X,X,X,X,X,X,X,X,X
A,KEMENTERIAN A,6929,X,GG,X,X,X,X,X,3020101003,Sepeda Motor,5,5,2013-6-22 00:00:00.000,00:00.0,160005145,0,160005145,48001544,112003602,Baik,PIE,1,1,X,X,X,100 (Saldo Awal),AIUEO,00:00.0,KEP-XXX,X,X,X,X,X,X,X,X,X,X,X,X,X,X,X,X,X,X,X,X,X,X,X,X,X,X,X,X,X,X,X,X,X,X,X
A,KEMENTERIAN A,9646,X,GG,X,X,X,X,X,3020101003,Sepeda Motor,6,6,2016-1-13 00:00:00.000,00:00.0,93220183,0,93220183, -   ,93220183,Baik,OJQ,1,3,X,X,X,100 (Saldo Awal),AIUEO,00:00.0,KEP-XXX,X,X,X,X,X,X,X,X,X,X,X,X,X,X,X,X,X,X,X,X,X,X,X,X,X,X,X,X,X,X,X,X,X,X,X
A,KEMENTERIAN A,4835,X,GG,X,X,X,X,X,3020102003,Sepeda Motor,1,1,2014-9-23 00:00:00.000,00:00.0,18366090,0,18366090,3673218,14692872,Baik,YER,1,3,X,X,X,102 (Transfer Masuk),AIUEO,00:00.0,KEP-XXX,X,X,X,X,X,X,X,X,X,X,X,X,X,X,X,X,X,X,X,X,X,X,X,X,X,X,X,X,X,X,X,X,X,X,X
A,KEMENTERIAN A,5046,X,GG,X,X,X,X,X,3020102003,Sepeda Motor,2,2,2016-8-16 00:00:00.000,00:00.0,134673048,0,134673048, -   ,134673048,Baik,KYQ,1,0,X,X,X,135 (Perolehan Migrasi SIMAK),AIUEO,00:00.0,KEP-XXX,X,X,X,X,X,X,X,X,X,X,X,X,X,X,X,X,X,X,X,X,X,X,X,X,X,X,X,X,X,X,X,X,X,X,X
A,KEMENTERIAN A,7066,X,GG,X,X,X,X,X,3020102003,Mobil Y,3,3,2016-7-1 00:00:00.000,00:00.0,40219893,0,40219893, -   ,40219893,Baik,ICB,1,3,X,X,X,135 (Perolehan Migrasi SIMAK),AIUEO,00:00.0,KEP-XXX,X,X,X,X,X,X,X,X,X,X,X,X,X,X,X,X,X,X,X,X,X,X,X,X,X,X,X,X,X,X,X,X,X,X,X
A,KEMENTERIAN A,8570,X,GG,X,X,X,X,X,3020102003,Sepeda Motor,4,4,2014-11-2 00:00:00.000,00:00.0,126263731,0,126263731,25252746,101010985,Baik,VPY,1,4,X,X,X,100 (Saldo Awal),AIUEO,00:00.0,KEP-XXX,X,X,X,X,X,X,X,X,X,X,X,X,X,X,X,X,X,X,X,X,X,X,X,X,X,X,X,X,X,X,X,X,X,X,X
A,KEMENTERIAN A,7024,X,GG,X,X,X,X,X,3020102003,Mobil Z,5,5,2014-3-25 00:00:00.000,00:00.0,22091169,0,22091169,4418234,17672935,Baik,NJF,1,0,X,X,X,135 (Perolehan Migrasi SIMAK),AIUEO,00:00.0,KEP-XXX,X,X,X,X,X,X,X,X,X,X,X,X,X,X,X,X,X,X,X,X,X,X,X,X,X,X,X,X,X,X,X,X,X,X,X
A,KEMENTERIAN A,5146,X,GG,X,X,X,X,X,3020102003,Sepeda Motor,6,6,2015-10-21 00:00:00.000,00:00.0,101130994,0,101130994,10113099,91017895,Baik,MJY,1,3,X,X,X,135 (Perolehan Migrasi SIMAK),AIUEO,00:00.0,KEP-XXX,X,X,X,X,X,X,X,X,X,X,X,X,X,X,X,X,X,X,X,X,X,X,X,X,X,X,X,X,X,X,X,X,X,X,X
A,KEMENTERIAN A,6068,X,GG,X,X,X,X,X,3020103003,Sepeda Motor,1,1,2014-6-28 00:00:00.000,00:00.0,157386259,0,157386259,31477252,125909007,Rusak Berat,DTX,1,1,X,X,X,135 (Perolehan Migrasi SIMAK),AIUEO,00:00.0,KEP-XXX,X,X,X,X,X,X,X,X,X,X,X,X,X,X,X,X,X,X,X,X,X,X,X,X,X,X,X,X,X,X,X,X,X,X,X
A,KEMENTERIAN A,8514,X,GG,X,X,X,X,X,3020103003,Sepeda Motor,2,2,2013-4-21 00:00:00.000,00:00.0,106682314,0,106682314,32004694,74677620,Baik,JRW,1,5,X,X,X,100 (Saldo Awal),AIUEO,00:00.0,KEP-XXX,X,X,X,X,X,X,X,X,X,X,X,X,X,X,X,X,X,X,X,X,X,X,X,X,X,X,X,X,X,X,X,X,X,X,X
A,KEMENTERIAN A,5312,X,GG,X,X,X,X,X,3020103003,Sepeda Motor,3,3,2015-9-10 00:00:00.000,00:00.0,89707337,0,89707337,8970734,80736603,Baik,LEN,1,2,X,X,X,102 (Transfer Masuk),AIUEO,00:00.0,KEP-XXX,X,X,X,X,X,X,X,X,X,X,X,X,X,X,X,X,X,X,X,X,X,X,X,X,X,X,X,X,X,X,X,X,X,X,X
A,KEMENTERIAN A,6569,X,GG,X,X,X,X,X,3020103003,Sepeda Motor,4,4,2015-8-27 00:00:00.000,00:00.0,64436811,0,64436811,6443681,57993130,Baik,WGT,1,5,X,X,X,100 (Saldo Awal),AIUEO,00:00.0,KEP-XXX,X,X,X,X,X,X,X,X,X,X,X,X,X,X,X,X,X,X,X,X,X,X,X,X,X,X,X,X,X,X,X,X,X,X,X
A,KEMENTERIAN A,6726,X,GG,X,X,X,X,X,3020103003,Sepeda Motor,5,5,2016-5-17 00:00:00.000,00:00.0,70681451,0,70681451, -   ,70681451,Baik,RBZ,1,4,X,X,X,102 (Transfer Masuk),AIUEO,00:00.0,KEP-XXX,X,X,X,X,X,X,X,X,X,X,X,X,X,X,X,X,X,X,X,X,X,X,X,X,X,X,X,X,X,X,X,X,X,X,X
A,KEMENTERIAN A,7742,X,GG,X,X,X,X,X,3020103003,Sepeda Motor,6,6,2013-11-19 00:00:00.000,00:00.0,22978607,0,22978607,6893582,16085025,Baik,XDW,1,1,X,X,X,135 (Perolehan Migrasi SIMAK),AIUEO,00:00.0,KEP-XXX,X,X,X,X,X,X,X,X,X,X,X,X,X,X,X,X,X,X,X,X,X,X,X,X,X,X,X,X,X,X,X,X,X,X,X
A,KEMENTERIAN A,7365,X,GG,X,X,X,X,X,3020104003,Sepeda Motor,1,1,2015-3-4 00:00:00.000,00:00.0,39324160,0,39324160,3932416,35391744,Baik,OMI,1,4,X,X,X,135 (Perolehan Migrasi SIMAK),AIUEO,00:00.0,KEP-XXX,X,X,X,X,X,X,X,X,X,X,X,X,X,X,X,X,X,X,X,X,X,X,X,X,X,X,X,X,X,X,X,X,X,X,X
A,KEMENTERIAN A,6174,X,GG,X,X,X,X,X,3020104003,Sepeda Motor,2,2,2014-7-20 00:00:00.000,00:00.0,124072833,0,124072833,24814567,99258266,Baik,OTY,1,1,X,X,X,135 (Perolehan Migrasi SIMAK),AIUEO,00:00.0,KEP-XXX,X,X,X,X,X,X,X,X,X,X,X,X,X,X,X,X,X,X,X,X,X,X,X,X,X,X,X,X,X,X,X,X,X,X,X
A,KEMENTERIAN A,4540,X,GG,X,X,X,X,X,3020104003,Sepeda Motor,3,3,2013-5-20 00:00:00.000,00:00.0,25558753,0,25558753,7667626,17891127,Baik,VVQ,1,3,X,X,X,135 (Perolehan Migrasi SIMAK),AIUEO,00:00.0,KEP-XXX,X,X,X,X,X,X,X,X,X,X,X,X,X,X,X,X,X,X,X,X,X,X,X,X,X,X,X,X,X,X,X,X,X,X,X
A,KEMENTERIAN A,7142,X,GG,X,X,X,X,X,3020104003,Sepeda Motor,4,4,2015-9-20 00:00:00.000,00:00.0,42024468,0,42024468,4202447,37822021,Baik,ZHR,1,1,X,X,X,100 (Saldo Awal),AIUEO,00:00.0,KEP-XXX,X,X,X,X,X,X,X,X,X,X,X,X,X,X,X,X,X,X,X,X,X,X,X,X,X,X,X,X,X,X,X,X,X,X,X
A,KEMENTERIAN A,6349,X,GG,X,X,X,X,X,3020104003,Sepeda Motor,5,5,2015-7-1 00:00:00.000,00:00.0,98663617,0,98663617,9866362,88797255,Rusak Berat,PJN,1,5,X,X,X,100 (Saldo Awal),AIUEO,00:00.0,KEP-XXX,X,X,X,X,X,X,X,X,X,X,X,X,X,X,X,X,X,X,X,X,X,X,X,X,X,X,X,X,X,X,X,X,X,X,X
A,KEMENTERIAN A,5908,X,GG,X,X,X,X,X,3020104003,Sepeda Motor,6,6,2013-2-16 00:00:00.000,00:00.0,13955461,0,13955461,4186638,9768823,Baik,TNB,1,1,X,X,X,135 (Perolehan Migrasi SIMAK),AIUEO,00:00.0,KEP-XXX,X,X,X,X,X,X,X,X,X,X,X,X,X,X,X,X,X,X,X,X,X,X,X,X,X,X,X,X,X,X,X,X,X,X,X
A,KEMENTERIAN A,7510,X,GG,X,X,X,X,X,3020105003,Sepeda Motor,1,1,2013-2-9 00:00:00.000,00:00.0,28752778,0,28752778,8625833,20126945,Baik,QCQ,1,4,X,X,X,135 (Perolehan Migrasi SIMAK),AIUEO,00:00.0,KEP-XXX,X,X,X,X,X,X,X,X,X,X,X,X,X,X,X,X,X,X,X,X,X,X,X,X,X,X,X,X,X,X,X,X,X,X,X
A,KEMENTERIAN A,6125,X,GG,X,X,X,X,X,3020105003,Sepeda Motor,2,2,2014-6-23 00:00:00.000,00:00.0,48979473,0,48979473,9795895,39183578,Baik,WPE,1,5,X,X,X,135 (Perolehan Migrasi SIMAK),AIUEO,00:00.0,KEP-XXX,X,X,X,X,X,X,X,X,X,X,X,X,X,X,X,X,X,X,X,X,X,X,X,X,X,X,X,X,X,X,X,X,X,X,X
A,KEMENTERIAN A,8062,X,GG,X,X,X,X,X,3020105003,Sepeda Motor,3,3,2013-4-5 00:00:00.000,00:00.0,101687308,0,101687308,30506192,71181116,Baik,ZBS,1,2,X,X,X,102 (Transfer Masuk),AIUEO,00:00.0,KEP-XXX,X,X,X,X,X,X,X,X,X,X,X,X,X,X,X,X,X,X,X,X,X,X,X,X,X,X,X,X,X,X,X,X,X,X,X
A,KEMENTERIAN A,4788,X,GG,X,X,X,X,X,3020105003,Sepeda Motor,4,4,2013-1-28 00:00:00.000,00:00.0,77752085,0,77752085,23325626,54426460,Baik,RDY,1,1,X,X,X,100 (Saldo Awal),AIUEO,00:00.0,KEP-XXX,X,X,X,X,X,X,X,X,X,X,X,X,X,X,X,X,X,X,X,X,X,X,X,X,X,X,X,X,X,X,X,X,X,X,X
A,KEMENTERIAN A,6409,X,GG,X,X,X,X,X,3020105003,Sepeda Motor,5,5,2016-11-17 00:00:00.000,00:00.0,118230787,0,118230787, -   ,118230787,Rusak Berat,WMT,1,1,X,X,X,102 (Transfer Masuk),AIUEO,00:00.0,KEP-XXX,X,X,X,X,X,X,X,X,X,X,X,X,X,X,X,X,X,X,X,X,X,X,X,X,X,X,X,X,X,X,X,X,X,X,X
A,KEMENTERIAN A,5408,X,GG,X,X,X,X,X,3020105003,Mini Bus ( Penumpang 14 Orang Kebawah ),6,6,2016-4-23 00:00:00.000,00:00.0,178627593,0,178627593, -   ,178627593,Baik,XDH,1,4,X,X,X,135 (Perolehan Migrasi SIMAK),AIUEO,00:00.0,KEP-XXX,X,X,X,X,X,X,X,X,X,X,X,X,X,X,X,X,X,X,X,X,X,X,X,X,X,X,X,X,X,X,X,X,X,X,X
A,KEMENTERIAN A,4394,X,HH,X,X,X,X,X,3020101003,Sepeda Motor,1,1,2015-11-6 00:00:00.000,00:00.0,40349923,0,40349923,4034992,36314931,Baik,VFK,1,2,X,X,X,102 (Transfer Masuk),AIUEO,00:00.0,KEP-XXX,X,X,X,X,X,X,X,X,X,X,X,X,X,X,X,X,X,X,X,X,X,X,X,X,X,X,X,X,X,X,X,X,X,X,X
A,KEMENTERIAN A,7418,X,HH,X,X,X,X,X,3020101003,Mobil Y,2,2,2016-12-7 00:00:00.000,00:00.0,196736853,0,196736853, -   ,196736853,Baik,YVY,1,5,X,X,X,102 (Transfer Masuk),AIUEO,00:00.0,KEP-XXX,X,X,X,X,X,X,X,X,X,X,X,X,X,X,X,X,X,X,X,X,X,X,X,X,X,X,X,X,X,X,X,X,X,X,X
A,KEMENTERIAN A,4367,X,HH,X,X,X,X,X,3020101003,Sepeda Motor,3,3,2013-11-15 00:00:00.000,00:00.0,100447655,0,100447655,30134297,70313359,Baik,TQB,1,1,X,X,X,102 (Transfer Masuk),AIUEO,00:00.0,KEP-XXX,X,X,X,X,X,X,X,X,X,X,X,X,X,X,X,X,X,X,X,X,X,X,X,X,X,X,X,X,X,X,X,X,X,X,X
A,KEMENTERIAN A,4776,X,HH,X,X,X,X,X,3020101003,Sepeda Motor,4,4,2015-3-27 00:00:00.000,00:00.0,111193909,0,111193909,11119391,100074518,Baik,MQN,1,3,X,X,X,135 (Perolehan Migrasi SIMAK),AIUEO,00:00.0,KEP-XXX,X,X,X,X,X,X,X,X,X,X,X,X,X,X,X,X,X,X,X,X,X,X,X,X,X,X,X,X,X,X,X,X,X,X,X
A,KEMENTERIAN A,9547,X,HH,X,X,X,X,X,3020101003,Sepeda Motor,5,5,2014-7-26 00:00:00.000,00:00.0,165242757,0,165242757,33048551,132194206,Baik,DDE,1,3,X,X,X,102 (Transfer Masuk),AIUEO,00:00.0,KEP-XXX,X,X,X,X,X,X,X,X,X,X,X,X,X,X,X,X,X,X,X,X,X,X,X,X,X,X,X,X,X,X,X,X,X,X,X
A,KEMENTERIAN A,8035,X,HH,X,X,X,X,X,3020101003,Sepeda Motor,6,6,2014-12-18 00:00:00.000,00:00.0,76088046,0,76088046,15217609,60870437,Baik,YBX,1,1,X,X,X,135 (Perolehan Migrasi SIMAK),AIUEO,00:00.0,KEP-XXX,X,X,X,X,X,X,X,X,X,X,X,X,X,X,X,X,X,X,X,X,X,X,X,X,X,X,X,X,X,X,X,X,X,X,X
A,KEMENTERIAN A,4896,X,HH,X,X,X,X,X,3020102003,Sepeda Motor,1,1,2015-5-6 00:00:00.000,00:00.0,145955703,0,145955703,14595570,131360133,Baik,JMX,1,1,X,X,X,100 (Saldo Awal),AIUEO,00:00.0,KEP-XXX,X,X,X,X,X,X,X,X,X,X,X,X,X,X,X,X,X,X,X,X,X,X,X,X,X,X,X,X,X,X,X,X,X,X,X
A,KEMENTERIAN A,8702,X,HH,X,X,X,X,X,3020102003,Sepeda Motor,2,2,2014-12-28 00:00:00.000,00:00.0,124485687,0,124485687,24897137,99588550,Baik,CKL,1,3,X,X,X,135 (Perolehan Migrasi SIMAK),AIUEO,00:00.0,KEP-XXX,X,X,X,X,X,X,X,X,X,X,X,X,X,X,X,X,X,X,X,X,X,X,X,X,X,X,X,X,X,X,X,X,X,X,X
A,KEMENTERIAN A,6359,X,HH,X,X,X,X,X,3020102003,Sepeda Motor,3,3,2014-1-23 00:00:00.000,00:00.0,59304846,0,59304846,11860969,47443877,Baik,EXE,1,4,X,X,X,100 (Saldo Awal),AIUEO,00:00.0,KEP-XXX,X,X,X,X,X,X,X,X,X,X,X,X,X,X,X,X,X,X,X,X,X,X,X,X,X,X,X,X,X,X,X,X,X,X,X
A,KEMENTERIAN A,6696,X,HH,X,X,X,X,X,3020102003,Sepeda Motor,4,4,2016-6-14 00:00:00.000,00:00.0,193554555,0,193554555, -   ,193554555,Baik,QKF,1,0,X,X,X,135 (Perolehan Migrasi SIMAK),AIUEO,00:00.0,KEP-XXX,X,X,X,X,X,X,X,X,X,X,X,X,X,X,X,X,X,X,X,X,X,X,X,X,X,X,X,X,X,X,X,X,X,X,X
A,KEMENTERIAN A,8495,X,HH,X,X,X,X,X,3020102003,Mini Bus ( Penumpang 14 Orang Kebawah ),5,5,2015-2-3 00:00:00.000,00:00.0,126557500,0,126557500,12655750,113901750,Baik,BVV,1,5,X,X,X,135 (Perolehan Migrasi SIMAK),AIUEO,00:00.0,KEP-XXX,X,X,X,X,X,X,X,X,X,X,X,X,X,X,X,X,X,X,X,X,X,X,X,X,X,X,X,X,X,X,X,X,X,X,X
A,KEMENTERIAN A,9840,X,HH,X,X,X,X,X,3020102003,Mobil X,6,6,2016-2-4 00:00:00.000,00:00.0,64917911,0,64917911, -   ,64917911,Baik,ZTU,1,1,X,X,X,135 (Perolehan Migrasi SIMAK),AIUEO,00:00.0,KEP-XXX,X,X,X,X,X,X,X,X,X,X,X,X,X,X,X,X,X,X,X,X,X,X,X,X,X,X,X,X,X,X,X,X,X,X,X
A,KEMENTERIAN A,4552,X,HH,X,X,X,X,X,3020103003,Sepeda Motor,1,1,2016-1-11 00:00:00.000,00:00.0,166548789,0,166548789, -   ,166548789,Baik,QSH,1,3,X,X,X,102 (Transfer Masuk),AIUEO,00:00.0,KEP-XXX,X,X,X,X,X,X,X,X,X,X,X,X,X,X,X,X,X,X,X,X,X,X,X,X,X,X,X,X,X,X,X,X,X,X,X
A,KEMENTERIAN A,8652,X,HH,X,X,X,X,X,3020103003,Mobil Y,2,2,2016-5-26 00:00:00.000,00:00.0,163549352,0,163549352, -   ,163549352,Baik,CNW,1,4,X,X,X,102 (Transfer Masuk),AIUEO,00:00.0,KEP-XXX,X,X,X,X,X,X,X,X,X,X,X,X,X,X,X,X,X,X,X,X,X,X,X,X,X,X,X,X,X,X,X,X,X,X,X
A,KEMENTERIAN A,8094,X,HH,X,X,X,X,X,3020103003,Sepeda Motor,3,3,2013-11-11 00:00:00.000,00:00.0,28599912,0,28599912,8579974,20019938,Baik,GDE,1,4,X,X,X,135 (Perolehan Migrasi SIMAK),AIUEO,00:00.0,KEP-XXX,X,X,X,X,X,X,X,X,X,X,X,X,X,X,X,X,X,X,X,X,X,X,X,X,X,X,X,X,X,X,X,X,X,X,X
A,KEMENTERIAN A,4595,X,HH,X,X,X,X,X,3020103003,Sepeda Motor,4,4,2013-8-7 00:00:00.000,00:00.0,194688760,0,194688760,58406628,136282132,Baik,PRO,1,2,X,X,X,100 (Saldo Awal),AIUEO,00:00.0,KEP-XXX,X,X,X,X,X,X,X,X,X,X,X,X,X,X,X,X,X,X,X,X,X,X,X,X,X,X,X,X,X,X,X,X,X,X,X
A,KEMENTERIAN A,4346,X,HH,X,X,X,X,X,3020103003,Sepeda Motor,5,5,2016-6-8 00:00:00.000,00:00.0,69366458,0,69366458, -   ,69366458,Baik,QVD,1,0,X,X,X,102 (Transfer Masuk),AIUEO,00:00.0,KEP-XXX,X,X,X,X,X,X,X,X,X,X,X,X,X,X,X,X,X,X,X,X,X,X,X,X,X,X,X,X,X,X,X,X,X,X,X
A,KEMENTERIAN A,8550,X,HH,X,X,X,X,X,3020103003,Sepeda Motor,6,6,2016-12-5 00:00:00.000,00:00.0,150387277,0,150387277, -   ,150387277,Baik,BKE,1,3,X,X,X,135 (Perolehan Migrasi SIMAK),AIUEO,00:00.0,KEP-XXX,X,X,X,X,X,X,X,X,X,X,X,X,X,X,X,X,X,X,X,X,X,X,X,X,X,X,X,X,X,X,X,X,X,X,X
A,KEMENTERIAN A,9002,X,HH,X,X,X,X,X,3020104003,Sepeda Motor,1,1,2014-7-21 00:00:00.000,00:00.0,163073294,0,163073294,32614659,130458635,Baik,JMU,1,2,X,X,X,135 (Perolehan Migrasi SIMAK),AIUEO,00:00.0,KEP-XXX,X,X,X,X,X,X,X,X,X,X,X,X,X,X,X,X,X,X,X,X,X,X,X,X,X,X,X,X,X,X,X,X,X,X,X
A,KEMENTERIAN A,9939,X,HH,X,X,X,X,X,3020104003,Sepeda Motor,2,2,2016-4-22 00:00:00.000,00:00.0,116689029,0,116689029, -   ,116689029,Baik,WPE,1,5,X,X,X,135 (Perolehan Migrasi SIMAK),AIUEO,00:00.0,KEP-XXX,X,X,X,X,X,X,X,X,X,X,X,X,X,X,X,X,X,X,X,X,X,X,X,X,X,X,X,X,X,X,X,X,X,X,X
A,KEMENTERIAN A,6801,X,HH,X,X,X,X,X,3020104003,Sepeda Motor,3,3,2013-5-9 00:00:00.000,00:00.0,193210789,0,193210789,57963237,135247552,Baik,NQC,1,4,X,X,X,102 (Transfer Masuk),AIUEO,00:00.0,KEP-XXX,X,X,X,X,X,X,X,X,X,X,X,X,X,X,X,X,X,X,X,X,X,X,X,X,X,X,X,X,X,X,X,X,X,X,X
A,KEMENTERIAN A,4668,X,HH,X,X,X,X,X,3020104003,Sepeda Motor,4,4,2014-7-4 00:00:00.000,00:00.0,170584916,0,170584916,34116983,136467933,Baik,YEY,1,0,X,X,X,102 (Transfer Masuk),AIUEO,00:00.0,KEP-XXX,X,X,X,X,X,X,X,X,X,X,X,X,X,X,X,X,X,X,X,X,X,X,X,X,X,X,X,X,X,X,X,X,X,X,X
A,KEMENTERIAN A,5935,X,HH,X,X,X,X,X,3020104003,Sepeda Motor,5,5,2014-10-27 00:00:00.000,00:00.0,116579140,0,116579140,23315828,93263312,Baik,EJM,1,3,X,X,X,135 (Perolehan Migrasi SIMAK),AIUEO,00:00.0,KEP-XXX,X,X,X,X,X,X,X,X,X,X,X,X,X,X,X,X,X,X,X,X,X,X,X,X,X,X,X,X,X,X,X,X,X,X,X
A,KEMENTERIAN A,9443,X,HH,X,X,X,X,X,3020104003,Sepeda Motor,6,6,2014-3-26 00:00:00.000,00:00.0,60299159,0,60299159,12059832,48239327,Baik,LZS,1,2,X,X,X,135 (Perolehan Migrasi SIMAK),AIUEO,00:00.0,KEP-XXX,X,X,X,X,X,X,X,X,X,X,X,X,X,X,X,X,X,X,X,X,X,X,X,X,X,X,X,X,X,X,X,X,X,X,X
A,KEMENTERIAN A,5020,X,HH,X,X,X,X,X,3020105003,Sepeda Motor,1,1,2016-10-19 00:00:00.000,00:00.0,104355274,0,104355274, -   ,104355274,Baik,RSU,1,3,X,X,X,135 (Perolehan Migrasi SIMAK),AIUEO,00:00.0,KEP-XXX,X,X,X,X,X,X,X,X,X,X,X,X,X,X,X,X,X,X,X,X,X,X,X,X,X,X,X,X,X,X,X,X,X,X,X
A,KEMENTERIAN A,9377,X,HH,X,X,X,X,X,3020105003,Sepeda Motor,2,2,2013-1-16 00:00:00.000,00:00.0,73460226,0,73460226,22038068,51422158,Baik,KPU,1,5,X,X,X,135 (Perolehan Migrasi SIMAK),AIUEO,00:00.0,KEP-XXX,X,X,X,X,X,X,X,X,X,X,X,X,X,X,X,X,X,X,X,X,X,X,X,X,X,X,X,X,X,X,X,X,X,X,X
A,KEMENTERIAN A,9955,X,HH,X,X,X,X,X,3020105003,Sepeda Motor,3,3,2013-5-22 00:00:00.000,00:00.0,162531347,0,162531347,48759404,113771943,Rusak Berat,RUH,1,4,X,X,X,102 (Transfer Masuk),AIUEO,00:00.0,KEP-XXX,X,X,X,X,X,X,X,X,X,X,X,X,X,X,X,X,X,X,X,X,X,X,X,X,X,X,X,X,X,X,X,X,X,X,X
A,KEMENTERIAN A,5060,X,HH,X,X,X,X,X,3020105003,Sepeda Motor,4,4,2014-2-4 00:00:00.000,00:00.0,35841938,0,35841938,7168388,28673550,Baik,WPR,1,3,X,X,X,135 (Perolehan Migrasi SIMAK),AIUEO,00:00.0,KEP-XXX,X,X,X,X,X,X,X,X,X,X,X,X,X,X,X,X,X,X,X,X,X,X,X,X,X,X,X,X,X,X,X,X,X,X,X
A,KEMENTERIAN A,4700,X,HH,X,X,X,X,X,3020105003,Sepeda Motor,5,5,2016-7-28 00:00:00.000,00:00.0,39278627,0,39278627, -   ,39278627,Baik,FOD,1,1,X,X,X,102 (Transfer Masuk),AIUEO,00:00.0,KEP-XXX,X,X,X,X,X,X,X,X,X,X,X,X,X,X,X,X,X,X,X,X,X,X,X,X,X,X,X,X,X,X,X,X,X,X,X
A,KEMENTERIAN A,4795,X,HH,X,X,X,X,X,3020105003,Sepeda Motor,6,6,2013-8-11 00:00:00.000,00:00.0,57597388,0,57597388,17279216,40318172,Baik,YWR,1,1,X,X,X,102 (Transfer Masuk),AIUEO,00:00.0,KEP-XXX,X,X,X,X,X,X,X,X,X,X,X,X,X,X,X,X,X,X,X,X,X,X,X,X,X,X,X,X,X,X,X,X,X,X,X
A,KEMENTERIAN A,9554,X,II,X,X,X,X,X,3020101003,Sepeda Motor,1,1,2016-7-24 00:00:00.000,00:00.0,51315491,0,51315491, -   ,51315491,Baik,BCG,1,1,X,X,X,100 (Saldo Awal),AIUEO,00:00.0,KEP-XXX,X,X,X,X,X,X,X,X,X,X,X,X,X,X,X,X,X,X,X,X,X,X,X,X,X,X,X,X,X,X,X,X,X,X,X
A,KEMENTERIAN A,6995,X,II,X,X,X,X,X,3020101003,Sepeda Motor,2,2,2013-3-3 00:00:00.000,00:00.0,172029032,0,172029032,51608710,120420322,Baik,FQM,1,2,X,X,X,100 (Saldo Awal),AIUEO,00:00.0,KEP-XXX,X,X,X,X,X,X,X,X,X,X,X,X,X,X,X,X,X,X,X,X,X,X,X,X,X,X,X,X,X,X,X,X,X,X,X
A,KEMENTERIAN A,4280,X,II,X,X,X,X,X,3020101003,Sepeda Motor,3,3,2015-3-1 00:00:00.000,00:00.0,96937904,0,96937904,9693790,87244114,Baik,GYM,1,5,X,X,X,100 (Saldo Awal),AIUEO,00:00.0,KEP-XXX,X,X,X,X,X,X,X,X,X,X,X,X,X,X,X,X,X,X,X,X,X,X,X,X,X,X,X,X,X,X,X,X,X,X,X
A,KEMENTERIAN A,4506,X,II,X,X,X,X,X,3020101003,Mini Bus ( Penumpang 14 Orang Kebawah ),4,4,2013-11-11 00:00:00.000,00:00.0,177996766,0,177996766,53399030,124597736,Baik,RYC,1,3,X,X,X,135 (Perolehan Migrasi SIMAK),AIUEO,00:00.0,KEP-XXX,X,X,X,X,X,X,X,X,X,X,X,X,X,X,X,X,X,X,X,X,X,X,X,X,X,X,X,X,X,X,X,X,X,X,X
A,KEMENTERIAN A,9551,X,II,X,X,X,X,X,3020101003,Sepeda Motor,5,5,2016-10-22 00:00:00.000,00:00.0,129963964,0,129963964, -   ,129963964,Baik,CLZ,1,4,X,X,X,135 (Perolehan Migrasi SIMAK),AIUEO,00:00.0,KEP-XXX,X,X,X,X,X,X,X,X,X,X,X,X,X,X,X,X,X,X,X,X,X,X,X,X,X,X,X,X,X,X,X,X,X,X,X
A,KEMENTERIAN A,8940,X,II,X,X,X,X,X,3020101003,Sepeda Motor,6,6,2015-7-7 00:00:00.000,00:00.0,183347744,0,183347744,18334774,165012970,Baik,MCQ,1,5,X,X,X,135 (Perolehan Migrasi SIMAK),AIUEO,00:00.0,KEP-XXX,X,X,X,X,X,X,X,X,X,X,X,X,X,X,X,X,X,X,X,X,X,X,X,X,X,X,X,X,X,X,X,X,X,X,X
A,KEMENTERIAN A,8324,X,II,X,X,X,X,X,3020102003,Sepeda Motor,1,1,2013-10-2 00:00:00.000,00:00.0,97251638,0,97251638,29175491,68076147,Baik,CFH,1,0,X,X,X,102 (Transfer Masuk),AIUEO,00:00.0,KEP-XXX,X,X,X,X,X,X,X,X,X,X,X,X,X,X,X,X,X,X,X,X,X,X,X,X,X,X,X,X,X,X,X,X,X,X,X
A,KEMENTERIAN A,9138,X,II,X,X,X,X,X,3020102003,Sepeda Motor,2,2,2015-6-13 00:00:00.000,00:00.0,125604373,0,125604373,12560437,113043936,Baik,LZF,1,1,X,X,X,135 (Perolehan Migrasi SIMAK),AIUEO,00:00.0,KEP-XXX,X,X,X,X,X,X,X,X,X,X,X,X,X,X,X,X,X,X,X,X,X,X,X,X,X,X,X,X,X,X,X,X,X,X,X
A,KEMENTERIAN A,6485,X,II,X,X,X,X,X,3020102003,Sepeda Motor,3,3,2013-6-17 00:00:00.000,00:00.0,165840392,0,165840392,49752118,116088274,Baik,YBW,1,1,X,X,X,135 (Perolehan Migrasi SIMAK),AIUEO,00:00.0,KEP-XXX,X,X,X,X,X,X,X,X,X,X,X,X,X,X,X,X,X,X,X,X,X,X,X,X,X,X,X,X,X,X,X,X,X,X,X
A,KEMENTERIAN A,5424,X,II,X,X,X,X,X,3020102003,Sepeda Motor,4,4,2014-9-12 00:00:00.000,00:00.0,145932123,0,145932123,29186425,116745698,Baik,VLQ,1,2,X,X,X,135 (Perolehan Migrasi SIMAK),AIUEO,00:00.0,KEP-XXX,X,X,X,X,X,X,X,X,X,X,X,X,X,X,X,X,X,X,X,X,X,X,X,X,X,X,X,X,X,X,X,X,X,X,X
A,KEMENTERIAN A,8045,X,II,X,X,X,X,X,3020102003,Mobil Y,5,5,2014-9-11 00:00:00.000,00:00.0,157960503,0,157960503,31592101,126368402,Baik,WSM,1,4,X,X,X,135 (Perolehan Migrasi SIMAK),AIUEO,00:00.0,KEP-XXX,X,X,X,X,X,X,X,X,X,X,X,X,X,X,X,X,X,X,X,X,X,X,X,X,X,X,X,X,X,X,X,X,X,X,X
A,KEMENTERIAN A,5159,X,II,X,X,X,X,X,3020102003,Sepeda Motor,6,6,2014-6-2 00:00:00.000,00:00.0,42332595,0,42332595,8466519,33866076,Baik,SCT,1,5,X,X,X,102 (Transfer Masuk),AIUEO,00:00.0,KEP-XXX,X,X,X,X,X,X,X,X,X,X,X,X,X,X,X,X,X,X,X,X,X,X,X,X,X,X,X,X,X,X,X,X,X,X,X
A,KEMENTERIAN A,7008,X,II,X,X,X,X,X,3020103003,Sepeda Motor,1,1,2013-8-22 00:00:00.000,00:00.0,13428726,0,13428726,4028618,9400108,Baik,ZBS,1,1,X,X,X,135 (Perolehan Migrasi SIMAK),AIUEO,00:00.0,KEP-XXX,X,X,X,X,X,X,X,X,X,X,X,X,X,X,X,X,X,X,X,X,X,X,X,X,X,X,X,X,X,X,X,X,X,X,X
A,KEMENTERIAN A,5881,X,II,X,X,X,X,X,3020103003,Sepeda Motor,2,2,2013-7-17 00:00:00.000,00:00.0,135660033,0,135660033,40698010,94962023,Baik,TLZ,1,4,X,X,X,135 (Perolehan Migrasi SIMAK),AIUEO,00:00.0,KEP-XXX,X,X,X,X,X,X,X,X,X,X,X,X,X,X,X,X,X,X,X,X,X,X,X,X,X,X,X,X,X,X,X,X,X,X,X
A,KEMENTERIAN A,4191,X,II,X,X,X,X,X,3020103003,Sepeda Motor,3,3,2013-6-15 00:00:00.000,00:00.0,98539507,0,98539507,29561852,68977655,Baik,YHC,1,3,X,X,X,100 (Saldo Awal),AIUEO,00:00.0,KEP-XXX,X,X,X,X,X,X,X,X,X,X,X,X,X,X,X,X,X,X,X,X,X,X,X,X,X,X,X,X,X,X,X,X,X,X,X
A,KEMENTERIAN A,4327,X,II,X,X,X,X,X,3020103003,Mini Bus ( Penumpang 14 Orang Kebawah ),4,4,2016-5-22 00:00:00.000,00:00.0,149380098,0,149380098, -   ,149380098,Baik,RMF,1,5,X,X,X,135 (Perolehan Migrasi SIMAK),AIUEO,00:00.0,KEP-XXX,X,X,X,X,X,X,X,X,X,X,X,X,X,X,X,X,X,X,X,X,X,X,X,X,X,X,X,X,X,X,X,X,X,X,X
A,KEMENTERIAN A,9962,X,II,X,X,X,X,X,3020103003,Sepeda Motor,5,5,2015-2-9 00:00:00.000,00:00.0,126879604,0,126879604,12687960,114191644,Baik,YEV,1,2,X,X,X,100 (Saldo Awal),AIUEO,00:00.0,KEP-XXX,X,X,X,X,X,X,X,X,X,X,X,X,X,X,X,X,X,X,X,X,X,X,X,X,X,X,X,X,X,X,X,X,X,X,X
A,KEMENTERIAN A,6961,X,II,X,X,X,X,X,3020103003,Sepeda Motor,6,6,2014-3-22 00:00:00.000,00:00.0,82149941,0,82149941,16429988,65719953,Baik,UJS,1,0,X,X,X,135 (Perolehan Migrasi SIMAK),AIUEO,00:00.0,KEP-XXX,X,X,X,X,X,X,X,X,X,X,X,X,X,X,X,X,X,X,X,X,X,X,X,X,X,X,X,X,X,X,X,X,X,X,X
A,KEMENTERIAN A,8219,X,II,X,X,X,X,X,3020104003,Sepeda Motor,1,1,2016-11-9 00:00:00.000,00:00.0,167486680,0,167486680, -   ,167486680,Baik,YQV,1,4,X,X,X,135 (Perolehan Migrasi SIMAK),AIUEO,00:00.0,KEP-XXX,X,X,X,X,X,X,X,X,X,X,X,X,X,X,X,X,X,X,X,X,X,X,X,X,X,X,X,X,X,X,X,X,X,X,X
A,KEMENTERIAN A,6867,X,II,X,X,X,X,X,3020104003,Sepeda Motor,2,2,2015-6-7 00:00:00.000,00:00.0,153465381,0,153465381,15346538,138118843,Baik,MLJ,1,0,X,X,X,102 (Transfer Masuk),AIUEO,00:00.0,KEP-XXX,X,X,X,X,X,X,X,X,X,X,X,X,X,X,X,X,X,X,X,X,X,X,X,X,X,X,X,X,X,X,X,X,X,X,X
A,KEMENTERIAN A,8431,X,II,X,X,X,X,X,3020104003,Sepeda Motor,3,3,2013-9-4 00:00:00.000,00:00.0,190161982,0,190161982,57048595,133113387,Baik,SBK,1,3,X,X,X,102 (Transfer Masuk),AIUEO,00:00.0,KEP-XXX,X,X,X,X,X,X,X,X,X,X,X,X,X,X,X,X,X,X,X,X,X,X,X,X,X,X,X,X,X,X,X,X,X,X,X
A,KEMENTERIAN A,8968,X,II,X,X,X,X,X,3020104003,Mobil Y,4,4,2014-1-26 00:00:00.000,00:00.0,84203881,0,84203881,16840776,67363105,Baik,KLJ,1,0,X,X,X,135 (Perolehan Migrasi SIMAK),AIUEO,00:00.0,KEP-XXX,X,X,X,X,X,X,X,X,X,X,X,X,X,X,X,X,X,X,X,X,X,X,X,X,X,X,X,X,X,X,X,X,X,X,X
A,KEMENTERIAN A,8781,X,II,X,X,X,X,X,3020104003,Mobil X,5,5,2016-3-23 00:00:00.000,00:00.0,42430719,0,42430719, -   ,42430719,Baik,OVK,1,5,X,X,X,135 (Perolehan Migrasi SIMAK),AIUEO,00:00.0,KEP-XXX,X,X,X,X,X,X,X,X,X,X,X,X,X,X,X,X,X,X,X,X,X,X,X,X,X,X,X,X,X,X,X,X,X,X,X
A,KEMENTERIAN A,9311,X,II,X,X,X,X,X,3020104003,Mobil Y,6,6,2016-1-12 00:00:00.000,00:00.0,198303647,0,198303647, -   ,198303647,Baik,HBR,1,1,X,X,X,135 (Perolehan Migrasi SIMAK),AIUEO,00:00.0,KEP-XXX,X,X,X,X,X,X,X,X,X,X,X,X,X,X,X,X,X,X,X,X,X,X,X,X,X,X,X,X,X,X,X,X,X,X,X
A,KEMENTERIAN A,7719,X,II,X,X,X,X,X,3020105003,Mobil Y,1,1,2015-2-17 00:00:00.000,00:00.0,74119237,0,74119237,7411924,66707313,Baik,LXG,1,3,X,X,X,135 (Perolehan Migrasi SIMAK),AIUEO,00:00.0,KEP-XXX,X,X,X,X,X,X,X,X,X,X,X,X,X,X,X,X,X,X,X,X,X,X,X,X,X,X,X,X,X,X,X,X,X,X,X
A,KEMENTERIAN A,5381,X,II,X,X,X,X,X,3020105003,Sepeda Motor,2,2,2015-1-27 00:00:00.000,00:00.0,129059542,0,129059542,12905954,116153588,Baik,FTK,1,5,X,X,X,135 (Perolehan Migrasi SIMAK),AIUEO,00:00.0,KEP-XXX,X,X,X,X,X,X,X,X,X,X,X,X,X,X,X,X,X,X,X,X,X,X,X,X,X,X,X,X,X,X,X,X,X,X,X
A,KEMENTERIAN A,6539,X,II,X,X,X,X,X,3020105003,Mobil Y,3,3,2014-4-28 00:00:00.000,00:00.0,41957149,0,41957149,8391430,33565719,Baik,JNJ,1,2,X,X,X,135 (Perolehan Migrasi SIMAK),AIUEO,00:00.0,KEP-XXX,X,X,X,X,X,X,X,X,X,X,X,X,X,X,X,X,X,X,X,X,X,X,X,X,X,X,X,X,X,X,X,X,X,X,X
A,KEMENTERIAN A,6451,X,II,X,X,X,X,X,3020105003,Sepeda Motor,4,4,2015-2-11 00:00:00.000,00:00.0,85085342,0,85085342,8508534,76576808,Baik,NMS,1,4,X,X,X,135 (Perolehan Migrasi SIMAK),AIUEO,00:00.0,KEP-XXX,X,X,X,X,X,X,X,X,X,X,X,X,X,X,X,X,X,X,X,X,X,X,X,X,X,X,X,X,X,X,X,X,X,X,X
A,KEMENTERIAN A,6740,X,II,X,X,X,X,X,3020105003,Sepeda Motor,5,5,2013-7-25 00:00:00.000,00:00.0,161123114,0,161123114,48336934,112786180,Baik,CMS,1,5,X,X,X,102 (Transfer Masuk),AIUEO,00:00.0,KEP-XXX,X,X,X,X,X,X,X,X,X,X,X,X,X,X,X,X,X,X,X,X,X,X,X,X,X,X,X,X,X,X,X,X,X,X,X
A,KEMENTERIAN A,5996,X,II,X,X,X,X,X,3020105003,Sepeda Motor,6,6,2015-3-27 00:00:00.000,00:00.0,44108279,0,44108279,4410828,39697451,Baik,DBZ,1,3,X,X,X,102 (Transfer Masuk),AIUEO,00:00.0,KEP-XXX,X,X,X,X,X,X,X,X,X,X,X,X,X,X,X,X,X,X,X,X,X,X,X,X,X,X,X,X,X,X,X,X,X,X,X
A,KEMENTERIAN A,5389,X,JJ,X,X,X,X,X,3020101003,Sepeda Motor,1,1,2015-7-19 00:00:00.000,00:00.0,85535316,0,85535316,8553532,76981784,Baik,JWD,1,4,X,X,X,135 (Perolehan Migrasi SIMAK),AIUEO,00:00.0,KEP-XXX,X,X,X,X,X,X,X,X,X,X,X,X,X,X,X,X,X,X,X,X,X,X,X,X,X,X,X,X,X,X,X,X,X,X,X
A,KEMENTERIAN A,5581,X,JJ,X,X,X,X,X,3020101003,Sepeda Motor,2,2,2014-2-8 00:00:00.000,00:00.0,45946540,0,45946540,9189308,36757232,Baik,DYM,1,1,X,X,X,100 (Saldo Awal),AIUEO,00:00.0,KEP-XXX,X,X,X,X,X,X,X,X,X,X,X,X,X,X,X,X,X,X,X,X,X,X,X,X,X,X,X,X,X,X,X,X,X,X,X
A,KEMENTERIAN A,7857,X,JJ,X,X,X,X,X,3020101003,Sepeda Motor,3,3,2014-11-20 00:00:00.000,00:00.0,125933447,0,125933447,25186689,100746758,Baik,XWJ,1,4,X,X,X,102 (Transfer Masuk),AIUEO,00:00.0,KEP-XXX,X,X,X,X,X,X,X,X,X,X,X,X,X,X,X,X,X,X,X,X,X,X,X,X,X,X,X,X,X,X,X,X,X,X,X
A,KEMENTERIAN A,5105,X,JJ,X,X,X,X,X,3020101003,Sepeda Motor,4,4,2016-9-6 00:00:00.000,00:00.0,94460459,0,94460459, -   ,94460459,Baik,UQM,1,2,X,X,X,135 (Perolehan Migrasi SIMAK),AIUEO,00:00.0,KEP-XXX,X,X,X,X,X,X,X,X,X,X,X,X,X,X,X,X,X,X,X,X,X,X,X,X,X,X,X,X,X,X,X,X,X,X,X
A,KEMENTERIAN A,5763,X,JJ,X,X,X,X,X,3020101003,Mobil Z,5,5,2014-6-22 00:00:00.000,00:00.0,177502010,0,177502010,35500402,142001608,Baik,UMY,1,2,X,X,X,135 (Perolehan Migrasi SIMAK),AIUEO,00:00.0,KEP-XXX,X,X,X,X,X,X,X,X,X,X,X,X,X,X,X,X,X,X,X,X,X,X,X,X,X,X,X,X,X,X,X,X,X,X,X
A,KEMENTERIAN A,7771,X,JJ,X,X,X,X,X,3020101003,Sepeda Motor,6,6,2016-10-9 00:00:00.000,00:00.0,169691229,0,169691229, -   ,169691229,Baik,HNH,1,4,X,X,X,135 (Perolehan Migrasi SIMAK),AIUEO,00:00.0,KEP-XXX,X,X,X,X,X,X,X,X,X,X,X,X,X,X,X,X,X,X,X,X,X,X,X,X,X,X,X,X,X,X,X,X,X,X,X
A,KEMENTERIAN A,8068,X,JJ,X,X,X,X,X,3020102003,Sepeda Motor,1,1,2016-9-3 00:00:00.000,00:00.0,170105260,0,170105260, -   ,170105260,Baik,JMK,1,3,X,X,X,135 (Perolehan Migrasi SIMAK),AIUEO,00:00.0,KEP-XXX,X,X,X,X,X,X,X,X,X,X,X,X,X,X,X,X,X,X,X,X,X,X,X,X,X,X,X,X,X,X,X,X,X,X,X
A,KEMENTERIAN A,8904,X,JJ,X,X,X,X,X,3020102003,Mobil X,2,2,2015-4-11 00:00:00.000,00:00.0,149356114,0,149356114,14935611,134420503,Baik,WGV,1,5,X,X,X,102 (Transfer Masuk),AIUEO,00:00.0,KEP-XXX,X,X,X,X,X,X,X,X,X,X,X,X,X,X,X,X,X,X,X,X,X,X,X,X,X,X,X,X,X,X,X,X,X,X,X
A,KEMENTERIAN A,9606,X,JJ,X,X,X,X,X,3020102003,Sepeda Motor,3,3,2016-11-20 00:00:00.000,00:00.0,94916832,0,94916832, -   ,94916832,Baik,SIG,1,3,X,X,X,135 (Perolehan Migrasi SIMAK),AIUEO,00:00.0,KEP-XXX,X,X,X,X,X,X,X,X,X,X,X,X,X,X,X,X,X,X,X,X,X,X,X,X,X,X,X,X,X,X,X,X,X,X,X
A,KEMENTERIAN A,7655,X,JJ,X,X,X,X,X,3020102003,Sepeda Motor,4,4,2013-11-19 00:00:00.000,00:00.0,31240935,0,31240935,9372281,21868655,Baik,OKE,1,2,X,X,X,135 (Perolehan Migrasi SIMAK),AIUEO,00:00.0,KEP-XXX,X,X,X,X,X,X,X,X,X,X,X,X,X,X,X,X,X,X,X,X,X,X,X,X,X,X,X,X,X,X,X,X,X,X,X
A,KEMENTERIAN A,7177,X,JJ,X,X,X,X,X,3020102003,Mobil X,5,5,2014-4-7 00:00:00.000,00:00.0,29280053,0,29280053,5856011,23424042,Baik,EDH,1,3,X,X,X,102 (Transfer Masuk),AIUEO,00:00.0,KEP-XXX,X,X,X,X,X,X,X,X,X,X,X,X,X,X,X,X,X,X,X,X,X,X,X,X,X,X,X,X,X,X,X,X,X,X,X
A,KEMENTERIAN A,8461,X,JJ,X,X,X,X,X,3020102003,Mobil X,6,6,2014-7-13 00:00:00.000,00:00.0,187199631,0,187199631,37439926,149759705,Baik,OEQ,1,0,X,X,X,135 (Perolehan Migrasi SIMAK),AIUEO,00:00.0,KEP-XXX,X,X,X,X,X,X,X,X,X,X,X,X,X,X,X,X,X,X,X,X,X,X,X,X,X,X,X,X,X,X,X,X,X,X,X
A,KEMENTERIAN A,8443,X,JJ,X,X,X,X,X,3020103003,Sepeda Motor,1,1,2014-4-10 00:00:00.000,00:00.0,166127593,0,166127593,33225519,132902074,Baik,OZK,1,5,X,X,X,135 (Perolehan Migrasi SIMAK),AIUEO,00:00.0,KEP-XXX,X,X,X,X,X,X,X,X,X,X,X,X,X,X,X,X,X,X,X,X,X,X,X,X,X,X,X,X,X,X,X,X,X,X,X
A,KEMENTERIAN A,5530,X,JJ,X,X,X,X,X,3020103003,Sepeda Motor,2,2,2014-2-10 00:00:00.000,00:00.0,179232687,0,179232687,35846537,143386150,Baik,TSX,1,5,X,X,X,135 (Perolehan Migrasi SIMAK),AIUEO,00:00.0,KEP-XXX,X,X,X,X,X,X,X,X,X,X,X,X,X,X,X,X,X,X,X,X,X,X,X,X,X,X,X,X,X,X,X,X,X,X,X
A,KEMENTERIAN A,4938,X,JJ,X,X,X,X,X,3020103003,Sepeda Motor,3,3,2014-8-8 00:00:00.000,00:00.0,145378100,0,145378100,29075620,116302480,Baik,IDH,1,2,X,X,X,135 (Perolehan Migrasi SIMAK),AIUEO,00:00.0,KEP-XXX,X,X,X,X,X,X,X,X,X,X,X,X,X,X,X,X,X,X,X,X,X,X,X,X,X,X,X,X,X,X,X,X,X,X,X
A,KEMENTERIAN A,4583,X,JJ,X,X,X,X,X,3020103003,Sepeda Motor,4,4,2015-8-9 00:00:00.000,00:00.0,87888926,0,87888926,8788893,79100033,Baik,EPZ,1,2,X,X,X,135 (Perolehan Migrasi SIMAK),AIUEO,00:00.0,KEP-XXX,X,X,X,X,X,X,X,X,X,X,X,X,X,X,X,X,X,X,X,X,X,X,X,X,X,X,X,X,X,X,X,X,X,X,X
A,KEMENTERIAN A,8848,X,JJ,X,X,X,X,X,3020103003,Sepeda Motor,5,5,2013-5-20 00:00:00.000,00:00.0,139536077,0,139536077,41860823,97675254,Baik,NLR,1,3,X,X,X,102 (Transfer Masuk),AIUEO,00:00.0,KEP-XXX,X,X,X,X,X,X,X,X,X,X,X,X,X,X,X,X,X,X,X,X,X,X,X,X,X,X,X,X,X,X,X,X,X,X,X
A,KEMENTERIAN A,8393,X,JJ,X,X,X,X,X,3020103003,Sepeda Motor,6,6,2015-12-8 00:00:00.000,00:00.0,80422115,0,80422115,8042212,72379904,Baik,MIG,1,0,X,X,X,135 (Perolehan Migrasi SIMAK),AIUEO,00:00.0,KEP-XXX,X,X,X,X,X,X,X,X,X,X,X,X,X,X,X,X,X,X,X,X,X,X,X,X,X,X,X,X,X,X,X,X,X,X,X
A,KEMENTERIAN A,5551,X,JJ,X,X,X,X,X,3020104003,Sepeda Motor,1,1,2014-2-5 00:00:00.000,00:00.0,171007757,0,171007757,34201551,136806206,Baik,UEZ,1,3,X,X,X,135 (Perolehan Migrasi SIMAK),AIUEO,00:00.0,KEP-XXX,X,X,X,X,X,X,X,X,X,X,X,X,X,X,X,X,X,X,X,X,X,X,X,X,X,X,X,X,X,X,X,X,X,X,X
A,KEMENTERIAN A,9427,X,JJ,X,X,X,X,X,3020104003,Sepeda Motor,2,2,2014-3-2 00:00:00.000,00:00.0,56236230,0,56236230,11247246,44988984,Baik,MHU,1,3,X,X,X,135 (Perolehan Migrasi SIMAK),AIUEO,00:00.0,KEP-XXX,X,X,X,X,X,X,X,X,X,X,X,X,X,X,X,X,X,X,X,X,X,X,X,X,X,X,X,X,X,X,X,X,X,X,X
A,KEMENTERIAN A,9911,X,JJ,X,X,X,X,X,3020104003,Sepeda Motor,3,3,2013-8-4 00:00:00.000,00:00.0,168292478,0,168292478,50487743,117804735,Baik,CBS,1,3,X,X,X,102 (Transfer Masuk),AIUEO,00:00.0,KEP-XXX,X,X,X,X,X,X,X,X,X,X,X,X,X,X,X,X,X,X,X,X,X,X,X,X,X,X,X,X,X,X,X,X,X,X,X
A,KEMENTERIAN A,8847,X,JJ,X,X,X,X,X,3020104003,Mobil X,4,4,2013-6-11 00:00:00.000,00:00.0,43629827,0,43629827,13088948,30540879,Baik,JWU,1,1,X,X,X,102 (Transfer Masuk),AIUEO,00:00.0,KEP-XXX,X,X,X,X,X,X,X,X,X,X,X,X,X,X,X,X,X,X,X,X,X,X,X,X,X,X,X,X,X,X,X,X,X,X,X
A,KEMENTERIAN A,6089,X,JJ,X,X,X,X,X,3020104003,Sepeda Motor,5,5,2016-7-13 00:00:00.000,00:00.0,61564970,0,61564970, -   ,61564970,Rusak Berat,XRJ,1,4,X,X,X,135 (Perolehan Migrasi SIMAK),AIUEO,00:00.0,KEP-XXX,X,X,X,X,X,X,X,X,X,X,X,X,X,X,X,X,X,X,X,X,X,X,X,X,X,X,X,X,X,X,X,X,X,X,X
A,KEMENTERIAN A,8010,X,JJ,X,X,X,X,X,3020104003,Mobil X,6,6,2013-9-24 00:00:00.000,00:00.0,47580385,0,47580385,14274116,33306270,Baik,EOG,1,0,X,X,X,135 (Perolehan Migrasi SIMAK),AIUEO,00:00.0,KEP-XXX,X,X,X,X,X,X,X,X,X,X,X,X,X,X,X,X,X,X,X,X,X,X,X,X,X,X,X,X,X,X,X,X,X,X,X
A,KEMENTERIAN A,4783,X,JJ,X,X,X,X,X,3020105003,Sepeda Motor,1,1,2016-11-28 00:00:00.000,00:00.0,12842974,0,12842974, -   ,12842974,Baik,RHY,1,0,X,X,X,100 (Saldo Awal),AIUEO,00:00.0,KEP-XXX,X,X,X,X,X,X,X,X,X,X,X,X,X,X,X,X,X,X,X,X,X,X,X,X,X,X,X,X,X,X,X,X,X,X,X
A,KEMENTERIAN A,9097,X,JJ,X,X,X,X,X,3020105003,Sepeda Motor,2,2,2014-8-27 00:00:00.000,00:00.0,70299641,0,70299641,14059928,56239713,Baik,BBH,1,5,X,X,X,135 (Perolehan Migrasi SIMAK),AIUEO,00:00.0,KEP-XXX,X,X,X,X,X,X,X,X,X,X,X,X,X,X,X,X,X,X,X,X,X,X,X,X,X,X,X,X,X,X,X,X,X,X,X
A,KEMENTERIAN A,8872,X,JJ,X,X,X,X,X,3020105003,Mini Bus ( Penumpang 14 Orang Kebawah ),3,3,2013-4-2 00:00:00.000,00:00.0,140136273,0,140136273,42040882,98095391,Baik,NKO,1,3,X,X,X,135 (Perolehan Migrasi SIMAK),AIUEO,00:00.0,KEP-XXX,X,X,X,X,X,X,X,X,X,X,X,X,X,X,X,X,X,X,X,X,X,X,X,X,X,X,X,X,X,X,X,X,X,X,X
A,KEMENTERIAN A,5919,X,JJ,X,X,X,X,X,3020105003,Sepeda Motor,4,4,2014-7-11 00:00:00.000,00:00.0,118129965,0,118129965,23625993,94503972,Baik,DID,1,5,X,X,X,102 (Transfer Masuk),AIUEO,00:00.0,KEP-XXX,X,X,X,X,X,X,X,X,X,X,X,X,X,X,X,X,X,X,X,X,X,X,X,X,X,X,X,X,X,X,X,X,X,X,X
A,KEMENTERIAN A,8134,X,JJ,X,X,X,X,X,3020105003,Sepeda Motor,5,5,2014-9-9 00:00:00.000,00:00.0,111221051,0,111221051,22244210,88976841,Rusak Berat,MLV,1,1,X,X,X,100 (Saldo Awal),AIUEO,00:00.0,KEP-XXX,X,X,X,X,X,X,X,X,X,X,X,X,X,X,X,X,X,X,X,X,X,X,X,X,X,X,X,X,X,X,X,X,X,X,X
A,KEMENTERIAN A,5088,X,JJ,X,X,X,X,X,3020105003,Sepeda Motor,6,6,2016-9-14 00:00:00.000,00:00.0,37550512,0,37550512, -   ,37550512,Baik,DZJ,1,1,X,X,X,100 (Saldo Awal),AIUEO,00:00.0,KEP-XXX,X,X,X,X,X,X,X,X,X,X,X,X,X,X,X,X,X,X,X,X,X,X,X,X,X,X,X,X,X,X,X,X,X,X,X